nan,nan,3.000000000000000000e+00,7.322205261222123227e+04,nan,2.203799999999999955e+02,nan,nan,nan,nan,nan,nan,nan,nan,1.000000000000000000e+00,1.000000000000000000e+00,nan,1.000000000000000000e+00,2.192129166666669789e+03
4.270900000000000000e+04,1.930000000000000000e+03,2.000000000000000000e+00,-1.000000000000000000e+03,-3.518011659647010225e-04,4.496998284707839910e-02,-1.621446910170969979e-01,5.487665245876139838e-03,1.022957118610010041e-02,-3.858655696581080041e-02,1.318715175004590012e-01,4.035067229318539672e-02,0.000000000000000000e+00,5.000000000000000278e-02,2.000000000000000000e+00,2.354594907410500149e+00,2.191916666666670153e+03,1.000000000000000000e+02,2.192129166666669789e+03
4.270900000000000000e+04,1.935000000000000000e+03,2.000000000000000000e+00,2.000000000000000000e+00,-4.104696504968060006e-04,4.721239902414710310e-02,-1.719297996629179925e-01,5.872453869887979926e-03,1.079029117086049983e-02,-4.010061273083920241e-02,1.380484738417900037e-01,4.195369750095100103e-02,0.000000000000000000e+00,5.000000000000000278e-02,2.000000000000000000e+00,2.354594907410500149e+00,2.191916666666670153e+03,1.000000000000000000e+02,2.192129166666669789e+03
4.270900000000000000e+04,1.975000000000000000e+03,2.000000000000000000e+00,-7.500000000000000000e+02,-1.596407390873029897e-03,1.116456386762370023e-01,-4.087360590990800069e-01,1.388036852408530003e-02,2.358571628366079934e-02,-9.144287724188869537e-02,3.110345438710799826e-01,8.480484633428299335e-02,5.000000000000000278e-02,1.499999999999999944e-01,2.000000000000000000e+00,2.354594907410500149e+00,2.191916666666670153e+03,1.000000000000000000e+02,2.192129166666669789e+03
4.270900000000000000e+04,2.025000000000000000e+03,2.000000000000000000e+00,-1.850000000000000000e+03,-1.114940914702929921e-02,2.082192967468469991e-01,-8.456624651316799746e-01,3.144252277908279880e-02,4.494144883507940336e-02,-1.480990583577299902e-01,5.366703147442249966e-01,1.359252944549730058e-01,1.499999999999999944e-01,2.500000000000000000e-01,2.000000000000000000e+00,2.354594907410500149e+00,2.191916666666670153e+03,1.000000000000000000e+02,2.192129166666669789e+03
4.270900000000000000e+04,2.100000000000000000e+03,2.000000000000000000e+00,6.000000000000000000e+02,-2.306389760650580101e-01,6.971304156777480276e-01,-3.390362584649559974e+00,1.454600321121810036e-01,1.469919278239739946e-01,-4.429298584991560039e-01,1.785410850406980110e+00,3.143162400960780034e-01,6.500000000000000222e-01,7.500000000000000000e-01,2.000000000000000000e+00,2.354594907410500149e+00,2.191916666666670153e+03,1.000000000000000000e+02,2.192129166666669789e+03
4.270900000000000000e+04,2.110000000000000000e+03,2.000000000000000000e+00,-9.000000000000000000e+01,-3.441892204027989788e-01,8.713871222275879624e-01,-4.318625065675430363e+00,1.871161900308840054e-01,1.790526364339140031e-01,-5.516854037678059486e-01,2.229947479811119848e+00,3.625547525710949848e-01,8.000000000000000444e-01,9.499999999999999556e-01,2.000000000000000000e+00,2.354594907410500149e+00,2.191916666666670153e+03,1.000000000000000000e+02,2.192129166666669789e+03
4.271100000000000000e+04,1.800000000000000000e+03,2.000000000000000000e+00,2.000000000000000000e+02,-2.761475469558759971e-02,2.051561883217799948e-02,-5.674533776162120347e-02,1.493405925805139966e-03,5.516436835157749810e-03,-1.321697032835800027e-02,3.366880582856830034e-02,1.817595918262069829e-02,0.000000000000000000e+00,1.000000000000000056e-01,4.000000000000000000e+00,4.354594907410500149e+00,2.191550000000000182e+03,1.000000000000000000e+02,2.192129166666669789e+03
4.271300000000000000e+04,1.725000000000000000e+03,2.000000000000000000e+00,-2.000000000000000000e+02,-2.913224711300440098e-02,1.476333688492559998e-02,-3.584695047285089975e-02,8.329451249003829794e-04,4.413817024714210280e-03,-7.221053059311089740e-03,1.592761944743120023e-02,1.212178901226780049e-02,0.000000000000000000e+00,5.000000000000000278e-02,6.000000000000000000e+00,6.354594907410500149e+00,2.191483333333329938e+03,1.000000000000000000e+02,2.192129166666669789e+03
4.271300000000000000e+04,1.750000000000000000e+03,2.000000000000000000e+00,4.000000000000000000e+02,-4.158158636156759902e-02,2.146480223677829993e-02,-5.241257341006559656e-02,1.220994552253199970e-03,6.277528266681939653e-03,-1.051045116923889945e-02,2.320049829189759980e-02,1.672700119527410073e-02,0.000000000000000000e+00,5.000000000000000278e-02,6.000000000000000000e+00,6.354594907410500149e+00,2.191483333333329938e+03,1.000000000000000000e+02,2.192129166666669789e+03
4.271300000000000000e+04,1.775000000000000000e+03,2.000000000000000000e+00,2.000000000000000000e+02,-6.799516781475349603e-02,2.906147227054129908e-02,-7.208140666343790248e-02,1.700622460502789922e-03,8.425484699596610255e-03,-1.204533326767889996e-02,2.665665322523209924e-02,2.163397573319050110e-02,0.000000000000000000e+00,5.000000000000000278e-02,6.000000000000000000e+00,6.354594907410500149e+00,2.191483333333329938e+03,1.000000000000000000e+02,2.192129166666669789e+03
4.271300000000000000e+04,1.785000000000000000e+03,2.000000000000000000e+00,4.000000000000000000e+02,-7.720878216613709377e-02,3.225845776478310223e-02,-8.072797163221069605e-02,1.919451043061420068e-03,9.352185097475719175e-03,-1.249490840677940084e-02,2.776498071347389962e-02,2.361585144223690008e-02,0.000000000000000000e+00,5.000000000000000278e-02,6.000000000000000000e+00,6.354594907410500149e+00,2.191483333333329938e+03,1.000000000000000000e+02,2.192129166666669789e+03
4.271300000000000000e+04,1.790000000000000000e+03,2.000000000000000000e+00,4.600000000000000000e+02,-8.151198385008340264e-02,3.387661947454029959e-02,-8.520374792374549311e-02,2.034879533584540122e-03,9.828226580101339163e-03,-1.267646303222139982e-02,2.824357142471310006e-02,2.460175429994750085e-02,0.000000000000000000e+00,5.000000000000000278e-02,6.000000000000000000e+00,6.354594907410500149e+00,2.191483333333329938e+03,1.000000000000000000e+02,2.192129166666669789e+03
4.271300000000000000e+04,1.800000000000000000e+03,2.000000000000000000e+00,4.000000000000000000e+02,-9.012387816306589861e-02,3.712177957731910283e-02,-9.441477624031470450e-02,2.277586949507350196e-03,1.080068932232220065e-02,-1.294386142876650068e-02,2.903016805267940106e-02,2.654498244857559849e-02,0.000000000000000000e+00,5.000000000000000278e-02,6.000000000000000000e+00,6.354594907410500149e+00,2.191483333333329938e+03,1.000000000000000000e+02,2.192129166666669789e+03
4.271300000000000000e+04,1.810000000000000000e+03,2.000000000000000000e+00,2.500000000000000000e+02,-9.958149061688799375e-02,4.693135938418890180e-02,-1.181780093262859987e-01,2.816790791162749902e-03,1.326973119871329918e-02,-1.968445821717069999e-02,4.387547210530359787e-02,3.239844148921489780e-02,0.000000000000000000e+00,1.000000000000000056e-01,6.000000000000000000e+00,6.354594907410500149e+00,2.191483333333329938e+03,1.000000000000000000e+02,2.192129166666669789e+03
4.271300000000000000e+04,1.825000000000000000e+03,2.000000000000000000e+00,3.160000000000000000e+02,-1.189553193877140036e-01,6.489523475352139414e-02,-1.614816196445769958e-01,3.791745022881909920e-03,1.764861593000719917e-02,-3.292140132634809729e-02,7.290174929442949647e-02,4.257323372794939720e-02,5.000000000000000278e-02,1.000000000000000056e-01,6.000000000000000000e+00,6.354594907410500149e+00,2.191483333333329938e+03,1.000000000000000000e+02,2.192129166666669789e+03
4.271300000000000000e+04,1.830000000000000000e+03,2.000000000000000000e+00,2.000000000000000000e+02,-1.284923101139320012e-01,7.131913739021909782e-02,-1.771036759266259863e-01,4.145943779493769903e-03,1.919666755998520116e-02,-3.775117906661760309e-02,8.353831537840640531e-02,4.606623722456640313e-02,0.000000000000000000e+00,1.000000000000000056e-01,6.000000000000000000e+00,6.354594907410500149e+00,2.191483333333329938e+03,1.000000000000000000e+02,2.192129166666669789e+03
4.271300000000000000e+04,1.845000000000000000e+03,2.000000000000000000e+00,2.000000000000000000e+02,-1.865112884105029900e-01,8.944318462522460322e-02,-2.227409219832439946e-01,5.214881197742050369e-03,2.363950893554700103e-02,-4.118118356882410208e-02,9.009369554188180473e-02,5.553757882177350058e-02,5.000000000000000278e-02,1.499999999999999944e-01,6.000000000000000000e+00,6.354594907410500149e+00,2.191483333333329938e+03,1.000000000000000000e+02,2.192129166666669789e+03
4.271300000000000000e+04,1.850000000000000000e+03,2.000000000000000000e+00,6.100000000000000000e+02,-2.198438043268229891e-01,9.486599483739159566e-02,-2.371284873334159882e-01,5.567882861444750295e-03,2.501827048609149909e-02,-4.054979278180329688e-02,8.852267264218839637e-02,5.826113454677050302e-02,5.000000000000000278e-02,1.499999999999999944e-01,6.000000000000000000e+00,6.354594907410500149e+00,2.191483333333329938e+03,1.000000000000000000e+02,2.192129166666669789e+03
4.271300000000000000e+04,1.875000000000000000e+03,2.000000000000000000e+00,-4.000000000000000000e+02,-3.023249348015960014e-01,1.201721118100070040e-01,-3.094485438607800232e-01,7.456101297556020323e-03,3.181458138328079749e-02,-3.605037878583060296e-02,7.920997632993030668e-02,7.035501937170400566e-02,5.000000000000000278e-02,1.499999999999999944e-01,6.000000000000000000e+00,6.354594907410500149e+00,2.191483333333329938e+03,1.000000000000000000e+02,2.192129166666669789e+03
4.271300000000000000e+04,1.880000000000000000e+03,2.000000000000000000e+00,1.340000000000000000e+02,-3.047948592351589769e-01,1.251724325766190027e-01,-3.247223488105909772e-01,7.876271640754280157e-03,3.322438779499550104e-02,-3.568553289096600134e-02,7.873690044957190604e-02,7.263530238037979592e-02,1.000000000000000056e-01,1.499999999999999944e-01,6.000000000000000000e+00,6.354594907410500149e+00,2.191483333333329938e+03,1.000000000000000000e+02,2.192129166666669789e+03
4.271300000000000000e+04,1.885000000000000000e+03,2.000000000000000000e+00,2.000000000000000000e+02,-3.039791008660269744e-01,1.302591220746759926e-01,-3.405336869423010171e-01,8.317278447858209717e-03,3.467535325158579984e-02,-3.574023590431350123e-02,7.925211467664229625e-02,7.492297389154209397e-02,1.000000000000000056e-01,2.000000000000000111e-01,6.000000000000000000e+00,6.354594907410500149e+00,2.191483333333329938e+03,1.000000000000000000e+02,2.192129166666669789e+03
4.271300000000000000e+04,1.890000000000000000e+03,2.000000000000000000e+00,2.000000000000000000e+02,-3.016037344827309785e-01,1.355569194058720006e-01,-3.571744079489569956e-01,8.785502267733389867e-03,3.619352850011280098e-02,-3.600137850548890128e-02,8.025737353086760673e-02,7.727690394958189324e-02,1.000000000000000056e-01,2.000000000000000111e-01,6.000000000000000000e+00,6.354594907410500149e+00,2.191483333333329938e+03,1.000000000000000000e+02,2.192129166666669789e+03
4.271300000000000000e+04,1.895000000000000000e+03,2.000000000000000000e+00,5.350000000000000000e+02,-2.995132833122670091e-01,1.410621377042390046e-01,-3.746651336344439809e-01,9.282317958868580021e-03,3.777982509063160244e-02,-3.674063329185629778e-02,8.239034022610169927e-02,7.969258336048759550e-02,1.000000000000000056e-01,2.000000000000000111e-01,6.000000000000000000e+00,6.354594907410500149e+00,2.191483333333329938e+03,1.000000000000000000e+02,2.192129166666669789e+03
4.271300000000000000e+04,1.900000000000000000e+03,2.000000000000000000e+00,2.600000000000000000e+03,-2.982184983098479791e-01,1.468788985284850135e-01,-3.932642115679449990e-01,9.813730095155119570e-03,3.945648960781889675e-02,-3.772231392690630208e-02,8.510756266484340027e-02,8.221616949169920086e-02,1.000000000000000056e-01,2.000000000000000111e-01,6.000000000000000000e+00,6.354594907410500149e+00,2.191483333333329938e+03,1.000000000000000000e+02,2.192129166666669789e+03
4.271300000000000000e+04,1.935000000000000000e+03,2.000000000000000000e+00,1.100000000000000000e+02,-3.651935794532329971e-01,2.029412591748500083e-01,-5.730223418175860450e-01,1.498082313633490072e-02,5.519669436677399760e-02,-5.411318252845379734e-02,1.272936779779690053e-01,1.054010463486669963e-01,1.499999999999999944e-01,2.500000000000000000e-01,6.000000000000000000e+00,6.354594907410500149e+00,2.191483333333329938e+03,1.000000000000000000e+02,2.192129166666669789e+03
4.271300000000000000e+04,1.955000000000000000e+03,2.000000000000000000e+00,-6.800000000000000000e+02,-4.782239818185459734e-01,2.523063695521159944e-01,-7.322945829904780046e-01,1.958893159000510073e-02,6.857028212866239647e-02,-6.912245863736639351e-02,1.657609638545889941e-01,1.243986259685870011e-01,2.000000000000000111e-01,2.999999999999999889e-01,6.000000000000000000e+00,6.354594907410500149e+00,2.191483333333329938e+03,1.000000000000000000e+02,2.192129166666669789e+03
4.271300000000000000e+04,2.000000000000000000e+03,2.000000000000000000e+00,5.032000000000000000e+03,-8.897912467541769788e-01,4.286213835725899979e-01,-1.326631624786150043e+00,3.736239807446239958e-02,1.151990141484030006e-01,-1.108862657210920033e-01,2.752852008827800234e-01,1.840845083695309969e-01,4.000000000000000222e-01,4.500000000000000111e-01,6.000000000000000000e+00,6.354594907410500149e+00,2.191483333333329938e+03,1.000000000000000000e+02,2.192129166666669789e+03
4.271300000000000000e+04,2.005000000000000000e+03,2.000000000000000000e+00,-8.500000000000000000e+02,-9.446085609159800001e-01,4.555522734458459788e-01,-1.420976730642169894e+00,4.026411067517460252e-02,1.222328603023389998e-01,-1.165225025972630030e-01,2.903165145396239821e-01,1.923146187405430085e-01,4.000000000000000222e-01,5.000000000000000000e-01,6.000000000000000000e+00,6.354594907410500149e+00,2.191483333333329938e+03,1.000000000000000000e+02,2.192129166666669789e+03
4.271300000000000000e+04,2.200000000000000000e+03,2.000000000000000000e+00,-2.000000000000000000e+02,-5.834884435755630250e+01,2.077081520035880047e+01,-5.796784968429540186e+01,9.672285283721470117e-01,1.322039473173739932e+00,-1.428923503898660075e+00,-8.500421230274709528e-01,9.365138566592999814e-01,2.069999999999999929e+01,2.110000000000000142e+01,6.000000000000000000e+00,6.354594907410500149e+00,2.191483333333329938e+03,1.000000000000000000e+02,2.192129166666669789e+03
4.271600000000000000e+04,2.110000000000000000e+03,2.000000000000000000e+00,1.000000000000000000e+02,-8.346226977905299549e+00,2.793451395235480028e+00,-9.321870805135480609e+00,2.627544604971899789e-01,6.087346498435020070e-01,-5.077301135502240159e-01,1.088758474169740031e+00,5.895480677131950120e-01,2.700000000000000178e+00,2.899999999999999911e+00,7.000000000000000000e+00,9.354594907410499260e+00,2.191341666666669880e+03,1.000000000000000000e+02,2.192129166666669789e+03
4.271600000000000000e+04,2.160000000000000000e+03,2.000000000000000000e+00,2.000000000000000000e+02,-2.728516192851029842e+01,8.560377202400559327e+00,-2.674315762215330139e+01,6.345738836985109765e-01,1.201810530226030016e+00,-1.085356598154249896e+00,1.336747133606390081e+00,9.514874998184309485e-01,8.400000000000000355e+00,8.699999999999999289e+00,7.000000000000000000e+00,9.354594907410499260e+00,2.191341666666669880e+03,1.000000000000000000e+02,2.192129166666669789e+03
4.271600000000000000e+04,2.210000000000000000e+03,2.000000000000000000e+00,5.000000000000000000e+01,-6.751763272780300440e+01,2.745352558063949999e+01,-6.709548075350780039e+01,8.798803499549140428e-01,1.321113967126569921e+00,-1.190518214869370039e+00,-1.450527392893310008e+00,8.292208640608029757e-01,2.680000000000000071e+01,2.819999999999999929e+01,7.000000000000000000e+00,9.354594907410499260e+00,2.191341666666669880e+03,1.000000000000000000e+02,2.192129166666669789e+03
4.271800000000000000e+04,2.000000000000000000e+03,2.000000000000000000e+00,-1.200000000000000000e+03,-1.983879170806700065e+00,9.284429616420769582e-01,-2.383243963684920086e+00,5.498711631390230253e-02,2.324717487966559970e-01,-1.520900125285609972e-01,2.962830505180200080e-01,2.718635610651770063e-01,8.499999999999999778e-01,1.000000000000000000e+00,9.000000000000000000e+00,1.135459490741049926e+01,2.190983333333329938e+03,1.000000000000000000e+02,2.192129166666669789e+03
4.272000000000000000e+04,2.000000000000000000e+02,2.000000000000000000e+00,1.000000000000000000e+03,0.000000000000000000e+00,0.000000000000000000e+00,0.000000000000000000e+00,8.364240455156939500e-20,2.166042308182939938e-18,0.000000000000000000e+00,0.000000000000000000e+00,1.280837414688830020e-17,0.000000000000000000e+00,5.000000000000000278e-02,1.025000000000000000e+01,1.335459490741049926e+01,2.190875000000000000e+03,1.000000000000000000e+02,2.192129166666669789e+03
4.272000000000000000e+04,3.000000000000000000e+02,2.000000000000000000e+00,9.300000000000000000e+01,0.000000000000000000e+00,0.000000000000000000e+00,-1.221245327087669923e-13,1.812474700890220053e-15,4.481284479849879711e-14,-4.547473508864640180e-13,1.110223024625159948e-13,2.529995333748660048e-13,0.000000000000000000e+00,5.000000000000000278e-02,1.025000000000000000e+01,1.335459490741049926e+01,2.190875000000000000e+03,1.000000000000000000e+02,2.192129166666669789e+03
4.272000000000000000e+04,4.000000000000000000e+02,2.000000000000000000e+00,1.500000000000000000e+02,-3.328933899955790084e-21,4.297362465877089802e-11,-5.749845044533690246e-11,7.816407156703570016e-13,1.840989393624940134e-11,-3.979039320256559748e-11,5.240252676230740163e-11,9.901068005512679997e-11,0.000000000000000000e+00,5.000000000000000278e-02,1.025000000000000000e+01,1.335459490741049926e+01,2.190875000000000000e+03,1.000000000000000000e+02,2.192129166666669789e+03
4.272000000000000000e+04,6.000000000000000000e+02,2.000000000000000000e+00,7.650000000000000000e+02,-3.626864011180739838e-10,6.809295882703740395e-08,-8.675651308465150082e-08,1.116762296929489940e-09,2.368575623011730151e-08,-5.569017957895990216e-08,6.956927256496209501e-08,1.147097706857049997e-07,0.000000000000000000e+00,5.000000000000000278e-02,1.025000000000000000e+01,1.335459490741049926e+01,2.190875000000000000e+03,1.000000000000000000e+02,2.192129166666669789e+03
4.272000000000000000e+04,6.500000000000000000e+02,2.000000000000000000e+00,9.420000000000000000e+02,-6.343783839993080149e-09,2.461897565808610206e-07,-3.122982983327920227e-07,3.996645555707779983e-09,8.242447802915059679e-08,-1.943799361470159918e-07,2.409575761141979910e-07,3.881534235663030087e-07,0.000000000000000000e+00,5.000000000000000278e-02,1.025000000000000000e+01,1.335459490741049926e+01,2.190875000000000000e+03,1.000000000000000000e+02,2.192129166666669789e+03
4.272000000000000000e+04,7.000000000000000000e+02,2.000000000000000000e+00,2.125000000000000000e+03,-8.263016788361259750e-08,7.728122000116849612e-07,-9.785549925922509829e-07,1.248096716823119935e-08,2.500876345549410254e-07,-5.876204340893309563e-07,7.245498645502830498e-07,1.144255058865729952e-06,0.000000000000000000e+00,5.000000000000000278e-02,1.025000000000000000e+01,1.335459490741049926e+01,2.190875000000000000e+03,1.000000000000000000e+02,2.192129166666669789e+03
4.272000000000000000e+04,7.500000000000000000e+02,2.000000000000000000e+00,1.200000000000000000e+01,-1.044182636276870086e-06,2.157763901777800004e-06,-2.733680060096329944e-06,3.482793301026719844e-08,6.774599383636349694e-07,-1.575995383973350029e-06,1.937073768054630003e-06,3.009027663213760184e-06,0.000000000000000000e+00,5.000000000000000278e-02,1.025000000000000000e+01,1.335459490741049926e+01,2.190875000000000000e+03,1.000000000000000000e+02,2.192129166666669789e+03
4.272000000000000000e+04,1.500000000000000000e+03,2.000000000000000000e+00,4.512000000000000000e+03,-4.641088696130340335e-02,1.684539979646619903e-02,-2.657021189335079941e-02,4.057171031166289968e-04,4.364804571778909716e-03,-4.247720147759539815e-03,5.965517165862360346e-03,1.072242298280240078e-02,0.000000000000000000e+00,5.000000000000000278e-02,1.025000000000000000e+01,1.335459490741049926e+01,2.190875000000000000e+03,1.000000000000000000e+02,2.192129166666669789e+03
4.272000000000000000e+04,1.550000000000000000e+03,2.000000000000000000e+00,4.580000000000000000e+02,-8.083022341167339642e-02,2.863001605783210141e-02,-4.573307236466209874e-02,7.041287577640479526e-04,7.229886529751780241e-03,-8.126137949602709257e-03,1.149485921959630084e-02,1.695108590700790049e-02,0.000000000000000000e+00,1.000000000000000056e-01,1.025000000000000000e+01,1.335459490741049926e+01,2.190875000000000000e+03,1.000000000000000000e+02,2.192129166666669789e+03
4.272000000000000000e+04,1.750000000000000000e+03,2.000000000000000000e+00,-3.603000000000000000e+03,-2.659589732110089755e-01,1.473007245174360047e-01,-2.682000650309099843e-01,4.608730436926039738e-03,3.653998059921410163e-02,-2.367129289518739993e-02,3.626317547825719939e-02,6.615184510644500637e-02,5.000000000000000278e-02,1.499999999999999944e-01,1.025000000000000000e+01,1.335459490741049926e+01,2.190875000000000000e+03,1.000000000000000000e+02,2.192129166666669789e+03
4.272000000000000000e+04,2.000000000000000000e+03,2.000000000000000000e+00,-5.000000000000000000e+02,-2.425004941144909942e+00,1.180831108759549997e+00,-2.843066936168340053e+00,6.126189293411540143e-02,2.875235395308219921e-01,-1.689431156166850134e-01,3.029118088783029905e-01,3.081364285754999988e-01,1.050000000000000044e+00,1.199999999999999956e+00,1.025000000000000000e+01,1.335459490741049926e+01,2.190875000000000000e+03,1.000000000000000000e+02,2.192129166666669789e+03
4.272000000000000000e+04,2.065000000000000000e+03,2.000000000000000000e+00,-4.000000000000000000e+02,-5.980317312394889839e+00,2.675780869242769811e+00,-6.793690277724899751e+00,1.489059047304339967e-01,5.797450776741379652e-01,-3.474192083021990229e-01,5.905508322467950544e-01,5.154052814664530358e-01,2.549999999999999822e+00,2.950000000000000178e+00,1.025000000000000000e+01,1.335459490741049926e+01,2.190875000000000000e+03,1.000000000000000000e+02,2.192129166666669789e+03
4.272000000000000000e+04,2.085000000000000000e+03,2.000000000000000000e+00,1.840000000000000000e+02,-8.153170990196349166e+00,3.560946327494550090e+00,-9.130972860610109265e+00,1.987330706484680132e-01,7.252660852484840159e-01,-4.345451327858430024e-01,7.047018714917410165e-01,6.043816089059269592e-01,3.200000000000000178e+00,3.899999999999999911e+00,1.025000000000000000e+01,1.335459490741049926e+01,2.190875000000000000e+03,1.000000000000000000e+02,2.192129166666669789e+03
4.272000000000000000e+04,2.090000000000000000e+03,2.000000000000000000e+00,1.200000000000000000e+01,-8.849082935841009245e+00,3.834465180367260029e+00,-9.850104456711530787e+00,2.137225526050479940e-01,7.669308773540810531e-01,-4.596334657298939974e-01,7.339131530070039933e-01,6.284181765222760507e-01,3.500000000000000000e+00,4.299999999999999822e+00,1.025000000000000000e+01,1.335459490741049926e+01,2.190875000000000000e+03,1.000000000000000000e+02,2.192129166666669789e+03
4.272000000000000000e+04,2.095000000000000000e+03,2.000000000000000000e+00,3.700000000000000000e+01,-9.635268213823399819e+00,4.133705438878680027e+00,-1.063425167220860068e+01,2.298686240920790047e-01,8.108635148899809852e-01,-4.861192196831329859e-01,7.627793637775219793e-01,6.531342630833769647e-01,3.799999999999999822e+00,4.599999999999999645e+00,1.025000000000000000e+01,1.335459490741049926e+01,2.190875000000000000e+03,1.000000000000000000e+02,2.192129166666669789e+03
4.272000000000000000e+04,2.100000000000000000e+03,2.000000000000000000e+00,-8.850000000000000000e+02,-1.056599949279659967e+01,4.478833359908089840e+00,-1.151544918610660062e+01,2.473538858114200101e-01,8.584694460603390365e-01,-5.302590528640389600e-01,8.148369639597210501e-01,6.803268204267759467e-01,4.099999999999999645e+00,4.900000000000000355e+00,1.025000000000000000e+01,1.335459490741049926e+01,2.190875000000000000e+03,1.000000000000000000e+02,2.192129166666669789e+03
4.272000000000000000e+04,2.115000000000000000e+03,2.000000000000000000e+00,2.410000000000000000e+02,-1.392769033265810030e+01,5.745681536828669778e+00,-1.468709549653619995e+01,3.075045114842560046e-01,1.015799737449069928e+00,-6.325236361308269606e-01,8.933153459050550138e-01,7.662162264653450405e-01,5.400000000000000355e+00,6.000000000000000000e+00,1.025000000000000000e+01,1.335459490741049926e+01,2.190875000000000000e+03,1.000000000000000000e+02,2.192129166666669789e+03
4.272000000000000000e+04,2.120000000000000000e+03,2.000000000000000000e+00,-3.250000000000000000e+02,-1.517603834464530088e+01,6.253411157787470032e+00,-1.593804106404090071e+01,3.301989333628559953e-01,1.072357825771899975e+00,-6.679875419140439696e-01,9.107390438955920153e-01,7.952257405932280365e-01,5.900000000000000355e+00,6.799999999999999822e+00,1.025000000000000000e+01,1.335459490741049926e+01,2.190875000000000000e+03,1.000000000000000000e+02,2.192129166666669789e+03
4.272000000000000000e+04,2.125000000000000000e+03,2.000000000000000000e+00,-2.588000000000000000e+03,-1.650315185149050023e+01,6.811366200102379587e+00,-1.729936778968369993e+01,3.542381890892630225e-01,1.130671854599720083e+00,-7.045882354741479503e-01,9.232551554751570189e-01,8.240706154087880098e-01,6.400000000000000355e+00,7.299999999999999822e+00,1.025000000000000000e+01,1.335459490741049926e+01,2.190875000000000000e+03,1.000000000000000000e+02,2.192129166666669789e+03
4.272000000000000000e+04,2.130000000000000000e+03,2.000000000000000000e+00,-1.494000000000000000e+03,-1.787689773723500153e+01,7.425029506470309570e+00,-1.878013868610720039e+01,3.796035571907400152e-01,1.190471703362879996e+00,-7.423830741395249788e-01,9.300145116259770361e-01,8.525002692774029667e-01,7.000000000000000000e+00,7.900000000000000355e+00,1.025000000000000000e+01,1.335459490741049926e+01,2.190875000000000000e+03,1.000000000000000000e+02,2.192129166666669789e+03
4.272000000000000000e+04,2.140000000000000000e+03,2.000000000000000000e+00,3.110000000000000000e+02,-2.115223739789750113e+01,8.846927142530599752e+00,-2.214049139458110105e+01,4.340470016002859754e-01,1.313081578124349891e+00,-8.225066201002849686e-01,9.227985753690679527e-01,9.070543297307820385e-01,8.400000000000000355e+00,9.500000000000000000e+00,1.025000000000000000e+01,1.335459490741049926e+01,2.190875000000000000e+03,1.000000000000000000e+02,2.192129166666669789e+03
4.272000000000000000e+04,2.145000000000000000e+03,2.000000000000000000e+00,7.100000000000000000e+01,-2.305125409425900074e+01,9.669580126446820856e+00,-2.403922171987969847e+01,4.628786225038060143e-01,1.374830079771290015e+00,-8.624263636238540531e-01,9.035175189699240494e-01,9.324328625441460350e-01,9.199999999999999289e+00,1.030000000000000071e+01,1.025000000000000000e+01,1.335459490741049926e+01,2.190875000000000000e+03,1.000000000000000000e+02,2.192129166666669789e+03
4.272000000000000000e+04,2.150000000000000000e+03,2.000000000000000000e+00,3.545000000000000000e+03,-2.513582001536279975e+01,1.057490935313760083e+01,-2.609366518122579848e+01,4.925587183258829937e-01,1.435878837475059955e+00,-9.017446884481610248e-01,8.719755384934300135e-01,9.557938313879510428e-01,1.019999999999999929e+01,1.100000000000000000e+01,1.025000000000000000e+01,1.335459490741049926e+01,2.190875000000000000e+03,1.000000000000000000e+02,2.192129166666669789e+03
4.272000000000000000e+04,2.155000000000000000e+03,2.000000000000000000e+00,3.750000000000000000e+02,-2.743863695699640104e+01,1.158084736512500079e+01,-2.832050725654929835e+01,5.226746827945230045e-01,1.495572092555939925e+00,-9.442618409402709911e-01,8.297596423274420374e-01,9.771694597476540123e-01,1.109999999999999964e+01,1.219999999999999929e+01,1.025000000000000000e+01,1.335459490741049926e+01,2.190875000000000000e+03,1.000000000000000000e+02,2.192129166666669789e+03
4.272000000000000000e+04,2.160000000000000000e+03,2.000000000000000000e+00,-1.940000000000000000e+02,-2.990636174232579947e+01,1.268839486285740037e+01,-3.071890654660129982e+01,5.529751422136519601e-01,1.552625853522850097e+00,-9.819648809793759536e-01,7.686738948229570045e-01,9.954390241869800482e-01,1.219999999999999929e+01,1.330000000000000071e+01,1.025000000000000000e+01,1.335459490741049926e+01,2.190875000000000000e+03,1.000000000000000000e+02,2.192129166666669789e+03
4.272000000000000000e+04,2.165000000000000000e+03,2.000000000000000000e+00,-1.080000000000000000e+02,-3.257270821182189735e+01,1.390869022904550079e+01,-3.329565210236930284e+01,5.829973468212119592e-01,1.605863883513819923e+00,-1.017841057032460084e+00,6.906593555958689956e-01,1.010037567988290030e+00,1.340000000000000036e+01,1.450000000000000000e+01,1.025000000000000000e+01,1.335459490741049926e+01,2.190875000000000000e+03,1.000000000000000000e+02,2.192129166666669789e+03
4.272000000000000000e+04,2.170000000000000000e+03,2.000000000000000000e+00,2.330000000000000000e+02,-3.543865314916799747e+01,1.525832288669059977e+01,-3.605759004981860016e+01,6.120542309567580386e-01,1.653965905086999921e+00,-1.052076549047340048e+00,5.944437302045599836e-01,1.020586561184479990e+00,1.469999999999999929e+01,1.590000000000000036e+01,1.025000000000000000e+01,1.335459490741049926e+01,2.190875000000000000e+03,1.000000000000000000e+02,2.192129166666669789e+03
4.272000000000000000e+04,2.175000000000000000e+03,2.000000000000000000e+00,1.070000000000000000e+02,-3.845372405050390086e+01,1.673886959982160150e+01,-3.899943346481550321e+01,6.397017952268559959e-01,1.695297412825720107e+00,-1.079667293953209928e+00,4.771221385031619855e-01,1.025890181414480073e+00,1.610000000000000142e+01,1.750000000000000000e+01,1.025000000000000000e+01,1.335459490741049926e+01,2.190875000000000000e+03,1.000000000000000000e+02,2.192129166666669789e+03
4.272000000000000000e+04,2.180000000000000000e+03,2.000000000000000000e+00,-1.090000000000000000e+02,-4.164266482730830177e+01,1.836114357711269918e+01,-4.211946521088410123e+01,6.652290050839909652e-01,1.728240016269569912e+00,-1.101897122432089926e+00,3.398414049224670053e-01,1.025235370373029919e+00,1.780000000000000071e+01,1.930000000000000071e+01,1.025000000000000000e+01,1.335459490741049926e+01,2.190875000000000000e+03,1.000000000000000000e+02,2.192129166666669789e+03
4.272000000000000000e+04,2.185000000000000000e+03,2.000000000000000000e+00,1.000000000000000000e+01,-4.501278712184730324e+01,2.013599073306519927e+01,-4.541217539275270099e+01,6.878330456767389744e-01,1.751075362009880010e+00,-1.117469839501610052e+00,1.827245250700069990e-01,1.017919144321409952e+00,1.950000000000000000e+01,2.119999999999999929e+01,1.025000000000000000e+01,1.335459490741049926e+01,2.190875000000000000e+03,1.000000000000000000e+02,2.192129166666669789e+03
4.272000000000000000e+04,2.190000000000000000e+03,2.000000000000000000e+00,-7.400000000000000000e+01,-4.856545508775199949e+01,2.207439719538340128e+01,-4.886766597985260319e+01,7.066209733556459982e-01,1.762034238959530041e+00,-1.125103471171770009e+00,6.866397157367029776e-03,1.003295367360439894e+00,2.139999999999999858e+01,2.310000000000000142e+01,1.025000000000000000e+01,1.335459490741049926e+01,2.190875000000000000e+03,1.000000000000000000e+02,2.192129166666669789e+03
4.272000000000000000e+04,2.195000000000000000e+03,2.000000000000000000e+00,1.230000000000000000e+02,-5.229918724895389914e+01,2.418720657300490018e+01,-5.247085586457080097e+01,7.206284283518830103e-01,1.759362340673950031e+00,-1.122067282978610026e+00,-1.852109200003440037e-01,9.808121491984309603e-01,2.350000000000000000e+01,2.530000000000000071e+01,1.025000000000000000e+01,1.335459490741049926e+01,2.190875000000000000e+03,1.000000000000000000e+02,2.192129166666669789e+03
4.272000000000000000e+04,2.200000000000000000e+03,2.000000000000000000e+00,-9.660000000000000000e+02,-5.647311348861030211e+01,2.650072524873349877e+01,-5.619544103322279938e+01,7.283209335000939699e-01,1.741445270272230061e+00,-1.104568665123679905e+00,-3.874641477615839991e-01,9.507876059615559816e-01,2.580000000000000071e+01,2.769999999999999929e+01,1.025000000000000000e+01,1.335459490741049926e+01,2.190875000000000000e+03,1.000000000000000000e+02,2.192129166666669789e+03
4.272000000000000000e+04,2.205000000000000000e+03,2.000000000000000000e+00,-4.500000000000000000e+01,-6.064401779960890337e+01,2.906176567750479833e+01,-5.998534865494710289e+01,7.274684613582540482e-01,1.707235677697150011e+00,-1.081672478083419930e+00,-5.946346041053589548e-01,9.148700927848429920e-01,2.830000000000000071e+01,3.030000000000000071e+01,1.025000000000000000e+01,1.335459490741049926e+01,2.190875000000000000e+03,1.000000000000000000e+02,2.192129166666669789e+03
4.272000000000000000e+04,2.210000000000000000e+03,2.000000000000000000e+00,2.440000000000000000e+02,-6.465922678671890367e+01,3.182106574712910074e+01,-6.381474028858419700e+01,7.191740232204140160e-01,1.655969724252920106e+00,-1.047626596524420028e+00,-8.002403492904830440e-01,8.706777312770790367e-01,3.100000000000000000e+01,3.320000000000000284e+01,1.025000000000000000e+01,1.335459490741049926e+01,2.190875000000000000e+03,1.000000000000000000e+02,2.192129166666669789e+03
4.272700000000000000e+04,1.680000000000000000e+03,2.000000000000000000e+00,2.000000000000000000e+02,-3.688906137151770070e-01,2.043052739384169925e-01,-3.043291426027219804e-01,4.292944263742519938e-03,5.116177564850919735e-02,-2.046134804049869887e-02,2.533472420800380112e-02,7.719632911490680038e-02,1.499999999999999944e-01,2.500000000000000000e-01,1.600000000000000000e+01,2.035459490741050104e+01,2.190775000000000091e+03,1.000000000000000000e+02,2.192129166666669789e+03
4.272700000000000000e+04,1.700000000000000000e+03,2.000000000000000000e+00,1.770000000000000000e+03,-3.956410780261360172e-01,2.253654028372689966e-01,-3.430294822920009756e-01,4.933518083405809621e-03,5.697895577708580322e-02,-2.158839267781329993e-02,2.719484643460829895e-02,8.331686659122969352e-02,1.499999999999999944e-01,2.999999999999999889e-01,1.600000000000000000e+01,2.035459490741050104e+01,2.190775000000000091e+03,1.000000000000000000e+02,2.192129166666669789e+03
4.272700000000000000e+04,2.125000000000000000e+03,2.000000000000000000e+00,3.000000000000000000e+02,-2.089521425342470096e+01,9.480985031040290778e+00,-2.025621759629990137e+01,3.437588667620720129e-01,1.557294521716680036e+00,-5.804431043343359908e-01,5.772197315830569497e-01,8.931991143946620415e-01,9.400000000000000355e+00,9.599999999999999645e+00,1.600000000000000000e+01,2.035459490741050104e+01,2.190775000000000091e+03,1.000000000000000000e+02,2.192129166666669789e+03
4.272700000000000000e+04,2.200000000000000000e+03,2.000000000000000000e+00,1.000000000000000000e+02,-5.564017638268899901e+01,2.987385805660689897e+01,-5.528997916890750020e+01,6.325520898503349532e-01,2.182865411998330174e+00,-8.172178410577539687e-01,-2.177411172692980124e-01,9.537143231789909636e-01,2.980000000000000071e+01,3.019999999999999929e+01,1.600000000000000000e+01,2.035459490741050104e+01,2.190775000000000091e+03,1.000000000000000000e+02,2.192129166666669789e+03
4.273400000000000000e+04,7.000000000000000000e+02,2.000000000000000000e+00,1.050000000000000000e+02,-8.848520844508529857e-04,7.316688887385679706e-03,-4.483541190647420335e-03,2.801020184361480101e-05,1.147334218448820085e-03,-1.071784316309280088e-03,5.891524386791859805e-04,4.178315164161900373e-03,0.000000000000000000e+00,5.000000000000000278e-02,2.000000000000000000e+01,2.735459490741050104e+01,2.190641666666670062e+03,1.000000000000000000e+02,2.192129166666669789e+03
4.273400000000000000e+04,1.600000000000000000e+03,2.000000000000000000e+00,6.000000000000000000e+02,-4.543565052138729965e-01,2.546818133569099807e-01,-3.152899762679299833e-01,3.715381937198820091e-03,5.904869610999159690e-02,-2.265850701542149875e-02,2.322164217287700158e-02,8.343623521022690281e-02,2.000000000000000111e-01,2.999999999999999889e-01,2.000000000000000000e+01,2.735459490741050104e+01,2.190641666666670062e+03,1.000000000000000000e+02,2.192129166666669789e+03
4.274800000000000000e+04,1.675000000000000000e+03,2.000000000000000000e+00,-3.320000000000000000e+02,-1.040249995767930091e+00,7.129687082631339656e-01,-8.246753542669349457e-01,8.961521645794230662e-03,1.673018164759499937e-01,-3.663594219960940312e-02,3.352147160343710297e-02,1.545653629355359937e-01,6.500000000000000222e-01,8.000000000000000444e-01,2.900000000000000000e+01,4.135459490741050104e+01,2.190666666666670153e+03,1.000000000000000000e+02,2.192129166666669789e+03
4.275500000000000000e+04,1.300000000000000000e+03,2.000000000000000000e+00,-1.000000000000000000e+00,-2.725236329527029877e-01,1.788220632527099951e-01,-1.500254910908989936e-01,1.228130189921879892e-03,3.824846702476859817e-02,-1.081113387567710082e-02,7.624798212979570083e-03,4.924392454929230056e-02,5.000000000000000278e-02,4.500000000000000111e-01,3.225000000000000000e+01,4.835459490741050104e+01,2.190733333333329938e+03,1.000000000000000000e+02,2.192129166666669789e+03
4.275500000000000000e+04,1.350000000000000000e+03,2.000000000000000000e+00,-1.000000000000000000e+00,-3.380318253621220070e-01,2.243904492004279994e-01,-1.939475579430310070e-01,1.628582830291400033e-03,4.832108508187679674e-02,-1.339105340184689949e-02,9.661259673143799548e-03,5.926966898337589912e-02,1.000000000000000056e-01,5.500000000000000444e-01,3.225000000000000000e+01,4.835459490741050104e+01,2.190733333333329938e+03,1.000000000000000000e+02,2.192129166666669789e+03
4.275500000000000000e+04,1.400000000000000000e+03,2.000000000000000000e+00,-3.980000000000000000e+02,-4.140062378014129907e-01,2.808321412883290069e-01,-2.503418265643039820e-01,2.158157566328470188e-03,6.089791038272839713e-02,-1.623920554038699865e-02,1.198994565190240023e-02,7.103798427340819732e-02,1.499999999999999944e-01,5.500000000000000444e-01,3.225000000000000000e+01,4.835459490741050104e+01,2.190733333333329938e+03,1.000000000000000000e+02,2.192129166666669789e+03
4.275500000000000000e+04,1.500000000000000000e+03,2.000000000000000000e+00,-2.140000000000000000e+02,-6.096053646184570463e-01,4.377360064879670110e-01,-4.166526167483809995e-01,3.797407483013989955e-03,9.629840666275220340e-02,-2.332781006316509906e-02,1.806592413435839997e-02,1.009531787698070004e-01,1.499999999999999944e-01,5.500000000000000444e-01,3.225000000000000000e+01,4.835459490741050104e+01,2.190733333333329938e+03,1.000000000000000000e+02,2.192129166666669789e+03
4.275500000000000000e+04,1.600000000000000000e+03,2.000000000000000000e+00,-7.180000000000000000e+02,-8.891568050922520339e-01,6.762791529920380018e-01,-6.927840278902479554e-01,6.719033245996370099e-03,1.513300474589220068e-01,-3.301942765256170309e-02,2.693517853449289845e-02,1.409005031440679900e-01,5.500000000000000444e-01,9.499999999999999556e-01,3.225000000000000000e+01,4.835459490741050104e+01,2.190733333333329938e+03,1.000000000000000000e+02,2.192129166666669789e+03
4.275500000000000000e+04,1.850000000000000000e+03,2.000000000000000000e+00,-2.110000000000000000e+03,-3.407946455638480199e+00,2.352754398844810080e+00,-2.937189949280949897e+00,3.329435358114250093e-02,5.239689958252700119e-01,-1.073510840767540053e-01,9.694616659375880630e-02,3.408863329659270192e-01,2.149999999999999911e+00,2.700000000000000178e+00,3.225000000000000000e+01,4.835459490741050104e+01,2.190733333333329938e+03,1.000000000000000000e+02,2.192129166666669789e+03
4.270900000000000000e+04,2.230000000000000000e+03,1.000000000000000000e+00,-4.000000000000000000e+02,4.347020365042410184e+00,1.072438641387069902e+00,8.464405893549390214e+00,5.672677122835420027e-01,3.029050027487200092e-01,-8.672214402188269666e-01,-5.895092926543919809e+00,3.422538604630859793e-01,1.000000000000000000e+00,1.149999999999999911e+00,2.000000000000000000e+00,2.354594907410500149e+00,2.191916666666670153e+03,1.000000000000000000e+02,2.192129166666669789e+03
4.270900000000000000e+04,2.235000000000000000e+03,1.000000000000000000e+00,8.000000000000000000e+02,2.736288551575889905e+00,7.260683052153920070e-01,6.008993310146969691e+00,4.361393073871179804e-01,2.328861227992599925e-01,-6.107092180742520471e-01,-4.626171379858219801e+00,2.631391817666630106e-01,6.500000000000000222e-01,8.000000000000000444e-01,2.000000000000000000e+00,2.354594907410500149e+00,2.191916666666670153e+03,1.000000000000000000e+02,2.192129166666669789e+03
4.270900000000000000e+04,2.240000000000000000e+03,1.000000000000000000e+00,-8.000000000000000000e+02,1.701063800354970068e+00,5.000890453220420140e-01,4.153520186374599632e+00,3.249133301017579911e-01,1.734945793960079863e-01,-4.146552762469399855e-01,-3.449966589350749846e+00,1.960323831857020138e-01,4.500000000000000111e-01,5.500000000000000444e-01,2.000000000000000000e+00,2.354594907410500149e+00,2.191916666666670153e+03,1.000000000000000000e+02,2.192129166666669789e+03
4.270900000000000000e+04,2.250000000000000000e+03,1.000000000000000000e+00,5.000000000000000000e+02,6.371689732375399595e-01,2.521112500058609873e-01,1.830027945545700030e+00,1.641857029743359897e-01,8.767054731626160169e-02,-1.725038427864309942e-01,-1.676402315890489936e+00,9.905938494120490601e-02,2.000000000000000111e-01,2.999999999999999889e-01,2.000000000000000000e+00,2.354594907410500149e+00,2.191916666666670153e+03,1.000000000000000000e+02,2.192129166666669789e+03
4.270900000000000000e+04,2.350000000000000000e+03,1.000000000000000000e+00,-5.000000000000000000e+02,3.270598046395600193e-05,6.560865965764330413e-03,1.231606994641930010e-06,2.587591237200020040e-07,1.381700939158799893e-07,-5.690762422498119704e-08,-1.231606843374380024e-06,1.561190723630499874e-07,0.000000000000000000e+00,5.000000000000000278e-02,2.000000000000000000e+00,2.354594907410500149e+00,2.191916666666670153e+03,1.000000000000000000e+02,2.192129166666669789e+03
4.271300000000000000e+04,2.210000000000000000e+03,1.000000000000000000e+00,8.000000000000000000e+02,3.173268117187030057e+01,7.979392261696940380e+00,3.201063894544729749e+01,9.237577727947680062e-01,1.209441145548509899e+00,-1.285230805608879923e+00,-1.773294740482159959e+00,8.206648514704170116e-01,7.900000000000000355e+00,8.099999999999999645e+00,6.000000000000000000e+00,6.354594907410500149e+00,2.191483333333329938e+03,1.000000000000000000e+02,2.192129166666669789e+03
4.271300000000000000e+04,2.230000000000000000e+03,1.000000000000000000e+00,4.000000000000000000e+00,1.558079491618470058e+01,2.626354125905379977e+00,1.443395909353819917e+01,6.362671321134319991e-01,7.683613565932759792e-01,-7.228222181280440362e-01,-2.401407042855829843e+00,4.808902814422300054e-01,2.549999999999999822e+00,2.700000000000000178e+00,6.000000000000000000e+00,6.354594907410500149e+00,2.191483333333329938e+03,1.000000000000000000e+02,2.192129166666669789e+03
4.271300000000000000e+04,2.350000000000000000e+03,1.000000000000000000e+00,-5.000000000000000000e+01,1.798665887484500025e-03,7.058343839016960330e-02,6.000668418985460060e-04,7.886852111970110669e-05,9.307164596740260545e-05,-3.871232883610680017e-05,-5.194704266461440444e-04,5.692270788638319993e-05,5.000000000000000278e-02,1.000000000000000056e-01,6.000000000000000000e+00,6.354594907410500149e+00,2.191483333333329938e+03,1.000000000000000000e+02,2.192129166666669789e+03
4.271300000000000000e+04,2.400000000000000000e+03,1.000000000000000000e+00,3.000000000000000000e+02,1.070763121613059928e-05,4.282434942828230312e-02,6.002620075281760011e-07,1.008923035760659974e-07,1.190616056438480015e-07,-3.365856935900870299e-08,-5.790868254448799711e-07,7.281819213686419800e-08,0.000000000000000000e+00,5.000000000000000278e-02,6.000000000000000000e+00,6.354594907410500149e+00,2.191483333333329938e+03,1.000000000000000000e+02,2.192129166666669789e+03
4.271300000000000000e+04,2.450000000000000000e+03,1.000000000000000000e+00,3.100000000000000000e+02,5.841778538335700214e-08,4.033641748388380049e-03,1.331237182948010075e-10,2.720659649381979963e-11,3.210612651158539738e-11,-6.344613984575969690e-12,-1.322191997602050065e-10,1.963613774943149861e-11,0.000000000000000000e+00,5.000000000000000278e-02,6.000000000000000000e+00,6.354594907410500149e+00,2.191483333333329938e+03,1.000000000000000000e+02,2.192129166666669789e+03
4.271300000000000000e+04,2.500000000000000000e+03,1.000000000000000000e+00,6.450000000000000000e+02,2.218264849309780122e-10,2.664590629250370118e-04,7.094169047294020169e-15,1.703686444538439979e-15,2.010496702035099846e-15,-2.906391023050270016e-16,-7.087231933459080363e-15,1.229621710102380083e-15,0.000000000000000000e+00,5.000000000000000278e-02,6.000000000000000000e+00,6.354594907410500149e+00,2.191483333333329938e+03,1.000000000000000000e+02,2.192129166666669789e+03
4.271300000000000000e+04,2.550000000000000000e+03,1.000000000000000000e+00,2.000000000000000000e+02,6.924048824791990223e-13,1.292648837794169937e-05,9.841444259367480286e-20,2.709986260486550141e-20,3.198017133220089899e-20,-3.530781694159930332e-21,-9.840390920722620028e-20,1.955910344098710113e-20,0.000000000000000000e+00,5.000000000000000278e-02,6.000000000000000000e+00,6.354594907410500149e+00,2.191483333333329938e+03,1.000000000000000000e+02,2.192129166666669789e+03
4.271600000000000000e+04,2.210000000000000000e+03,1.000000000000000000e+00,5.000000000000000000e+01,3.247590105816500028e+01,8.795192247306090394e+00,3.290451924649219961e+01,8.798803499549140428e-01,1.321113967126569921e+00,-1.190518214869030089e+00,-1.450527392893300016e+00,8.292208640608029757e-01,8.599999999999999645e+00,9.000000000000000000e+00,7.000000000000000000e+00,9.354594907410499260e+00,2.191341666666669880e+03,1.000000000000000000e+02,2.192129166666669789e+03
4.271600000000000000e+04,2.425000000000000000e+03,1.000000000000000000e+00,2.000000000000000000e+01,1.156925907245080036e-06,1.095767087236799997e-02,8.567582174797640614e-08,1.438524673106340007e-08,1.934025462240059848e-08,-4.776049419195579847e-09,-8.183582744411720180e-08,1.086976941633370029e-08,0.000000000000000000e+00,5.000000000000000278e-02,7.000000000000000000e+00,9.354594907410499260e+00,2.191341666666669880e+03,1.000000000000000000e+02,2.192129166666669789e+03
4.272000000000000000e+04,2.085000000000000000e+03,1.000000000000000000e+00,-1.840000000000000000e+02,9.184036279577169637e+01,1.094359463274950031e+02,9.086902713938989962e+01,1.987330706484680132e-01,7.252660852484840159e-01,-4.345451327860699875e-01,7.047018714917500093e-01,6.043816089059269592e-01,1.079000000000000057e+02,1.105000000000000000e+02,1.025000000000000000e+01,1.335459490741049926e+01,2.190875000000000000e+03,1.000000000000000000e+02,2.192129166666669789e+03
4.272000000000000000e+04,2.090000000000000000e+03,1.000000000000000000e+00,-1.200000000000000000e+01,9.114445085012660286e+01,1.047094651803670047e+02,9.014989554328849408e+01,2.137225526050479940e-01,7.669308773540810531e-01,-4.596334657301209825e-01,7.339131530070089893e-01,6.284181765222760507e-01,1.027000000000000028e+02,1.060999999999999943e+02,1.025000000000000000e+01,1.335459490741049926e+01,2.190875000000000000e+03,1.000000000000000000e+02,2.192129166666669789e+03
4.272000000000000000e+04,2.095000000000000000e+03,1.000000000000000000e+00,-3.700000000000000000e+01,9.035826557214339516e+01,1.000087054388779961e+02,8.936574832779139399e+01,2.298686240920790047e-01,8.108635148899809852e-01,-4.861192196831329859e-01,7.627793637775259761e-01,6.531342630833769647e-01,9.859999999999999432e+01,1.014000000000000057e+02,1.025000000000000000e+01,1.335459490741049926e+01,2.190875000000000000e+03,1.000000000000000000e+02,2.192129166666669789e+03
4.272000000000000000e+04,2.100000000000000000e+03,1.000000000000000000e+00,-2.150000000000000000e+02,8.942753429317059499e+01,9.535383335990789533e+01,8.848455081389340648e+01,2.473538858114200101e-01,8.584694460603390365e-01,-5.302590528638120304e-01,8.148369639597210501e-01,6.803268204267759467e-01,9.390000000000000568e+01,9.640000000000000568e+01,1.025000000000000000e+01,1.335459490741049926e+01,2.190875000000000000e+03,1.000000000000000000e+02,2.192129166666669789e+03
4.272000000000000000e+04,2.115000000000000000e+03,1.000000000000000000e+00,-2.410000000000000000e+02,8.606584345330830388e+01,8.162068153682839977e+01,8.531290450346379828e+01,3.075045114842560046e-01,1.015799737449069928e+00,-6.325236361303719912e-01,8.933153459050520162e-01,7.662162264653450405e-01,8.029999999999999716e+01,8.259999999999999432e+01,1.025000000000000000e+01,1.335459490741049926e+01,2.190875000000000000e+03,1.000000000000000000e+02,2.192129166666669789e+03
4.272000000000000000e+04,2.120000000000000000e+03,1.000000000000000000e+00,3.250000000000000000e+02,8.481749544132149765e+01,7.712841115778749668e+01,8.406195893595909752e+01,3.301989333628559953e-01,1.072357825771899975e+00,-6.679875419140439696e-01,9.107390438955890177e-01,7.952257405932280365e-01,7.579999999999999716e+01,7.809999999999999432e+01,1.025000000000000000e+01,1.335459490741049926e+01,2.190875000000000000e+03,1.000000000000000000e+02,2.192129166666669789e+03
4.272000000000000000e+04,2.125000000000000000e+03,1.000000000000000000e+00,2.588000000000000000e+03,8.349038193447670153e+01,7.268636620010239824e+01,8.270063221031630007e+01,3.542381890892630225e-01,1.130671854599720083e+00,-7.045882354741479503e-01,9.232551554751470269e-01,8.240706154087880098e-01,7.090000000000000568e+01,7.390000000000000568e+01,1.025000000000000000e+01,1.335459490741049926e+01,2.190875000000000000e+03,1.000000000000000000e+02,2.192129166666669789e+03
4.272000000000000000e+04,2.130000000000000000e+03,1.000000000000000000e+00,1.494000000000000000e+03,8.211663604873299960e+01,6.830002950647049431e+01,8.121986131389280672e+01,3.796035571907400152e-01,1.190471703362879996e+00,-7.423830741397520194e-01,9.300145116259700417e-01,8.525002692774029667e-01,6.700000000000000000e+01,6.950000000000000000e+01,1.025000000000000000e+01,1.335459490741049926e+01,2.190875000000000000e+03,1.000000000000000000e+02,2.192129166666669789e+03
4.272000000000000000e+04,2.140000000000000000e+03,1.000000000000000000e+00,-4.110000000000000000e+02,7.884129638806919615e+01,5.972192714253060331e+01,7.785950860541889540e+01,4.340470016002859754e-01,1.313081578124349891e+00,-8.225066201002849686e-01,9.227985753690719495e-01,9.070543297307820385e-01,5.860000000000000142e+01,6.060000000000000142e+01,1.025000000000000000e+01,1.335459490741049926e+01,2.190875000000000000e+03,1.000000000000000000e+02,2.192129166666669789e+03
4.272000000000000000e+04,2.145000000000000000e+03,1.000000000000000000e+00,-7.100000000000000000e+01,7.694227969170870551e+01,5.554458012644680309e+01,7.596077828012029443e+01,4.628786225038060143e-01,1.374830079771290015e+00,-8.624263636240809827e-01,9.035175189699200526e-01,9.324328625441460350e-01,5.400000000000000000e+01,5.689999999999999858e+01,1.025000000000000000e+01,1.335459490741049926e+01,2.190875000000000000e+03,1.000000000000000000e+02,2.192129166666669789e+03
4.272000000000000000e+04,2.150000000000000000e+03,1.000000000000000000e+00,-3.895000000000000000e+03,7.485771377060399345e+01,5.144990935313740010e+01,7.390633481877419797e+01,4.925587183258829937e-01,1.435878837475059955e+00,-9.017446884477070546e-01,8.719755384934300135e-01,9.557938313879510428e-01,5.039999999999999858e+01,5.239999999999999858e+01,1.025000000000000000e+01,1.335459490741049926e+01,2.190875000000000000e+03,1.000000000000000000e+02,2.192129166666669789e+03
4.272000000000000000e+04,2.155000000000000000e+03,1.000000000000000000e+00,-3.750000000000000000e+02,7.255489682897089665e+01,4.745584736512479651e+01,7.167949274345069455e+01,5.226746827945230045e-01,1.495572092555939925e+00,-9.442618409402709911e-01,8.297596423274460342e-01,9.771694597476540123e-01,4.650000000000000000e+01,4.839999999999999858e+01,1.025000000000000000e+01,1.335459490741049926e+01,2.190875000000000000e+03,1.000000000000000000e+02,2.192129166666669789e+03
4.272000000000000000e+04,2.160000000000000000e+03,1.000000000000000000e+00,1.940000000000000000e+02,7.008717204363979647e+01,4.356339486285759932e+01,6.928109345339869662e+01,5.529751422136519601e-01,1.552625853522850097e+00,-9.819648809796039934e-01,7.686738948229669965e-01,9.954390241869800482e-01,4.260000000000000142e+01,4.439999999999999858e+01,1.025000000000000000e+01,1.335459490741049926e+01,2.190875000000000000e+03,1.000000000000000000e+02,2.192129166666669789e+03
4.272000000000000000e+04,2.165000000000000000e+03,1.000000000000000000e+00,1.080000000000000000e+02,6.742082557414370569e+01,3.978369022904549723e+01,6.670434789763069716e+01,5.829973468212119592e-01,1.605863883513819923e+00,-1.017841057032460084e+00,6.906593555958689956e-01,1.010037567988290030e+00,3.889999999999999858e+01,4.050000000000000000e+01,1.025000000000000000e+01,1.335459490741049926e+01,2.190875000000000000e+03,1.000000000000000000e+02,2.192129166666669789e+03
4.272000000000000000e+04,2.170000000000000000e+03,1.000000000000000000e+00,-2.330000000000000000e+02,6.455488063679899824e+01,3.613332288669059977e+01,6.394240995018139984e+01,6.120542309567580386e-01,1.653965905086999921e+00,-1.052076549047570087e+00,5.944437302045599836e-01,1.020586561184479990e+00,3.520000000000000284e+01,3.679999999999999716e+01,1.025000000000000000e+01,1.335459490741049926e+01,2.190875000000000000e+03,1.000000000000000000e+02,2.192129166666669789e+03
4.272000000000000000e+04,2.175000000000000000e+03,1.000000000000000000e+00,-1.070000000000000000e+02,6.153980973546359934e+01,3.261386959982129952e+01,6.100056653518449679e+01,6.397017952268559959e-01,1.695297412825720107e+00,-1.079667293953209928e+00,4.771221385031619855e-01,1.025890181414480073e+00,3.169999999999999929e+01,3.339999999999999858e+01,1.025000000000000000e+01,1.335459490741049926e+01,2.190875000000000000e+03,1.000000000000000000e+02,2.192129166666669789e+03
4.272000000000000000e+04,2.180000000000000000e+03,1.000000000000000000e+00,1.090000000000000000e+02,5.835086895865870105e+01,2.923614357711240075e+01,5.788053478911589877e+01,6.652290050839909652e-01,1.728240016269569912e+00,-1.101897122431860110e+00,3.398414049224670053e-01,1.025235370373029919e+00,2.819999999999999929e+01,2.989999999999999858e+01,1.025000000000000000e+01,1.335459490741049926e+01,2.190875000000000000e+03,1.000000000000000000e+02,2.192129166666669789e+03
4.272000000000000000e+04,2.185000000000000000e+03,1.000000000000000000e+00,-1.000000000000000000e+01,5.498074666412249911e+01,2.601099073306550125e+01,5.458782460724729901e+01,6.878330456767389744e-01,1.751075362009880010e+00,-1.117469839501840090e+00,1.827245250700069990e-01,1.017919144321409952e+00,2.510000000000000142e+01,2.660000000000000142e+01,1.025000000000000000e+01,1.335459490741049926e+01,2.190875000000000000e+03,1.000000000000000000e+02,2.192129166666669789e+03
4.272000000000000000e+04,2.190000000000000000e+03,1.000000000000000000e+00,7.400000000000000000e+01,5.142807869821449884e+01,2.294939719538369971e+01,5.113233402014739681e+01,7.066209733556459982e-01,1.762034238959530041e+00,-1.125103471172000047e+00,6.866397157367029776e-03,1.003295367360439894e+00,2.210000000000000142e+01,2.360000000000000142e+01,1.025000000000000000e+01,1.335459490741049926e+01,2.190875000000000000e+03,1.000000000000000000e+02,2.192129166666669789e+03
4.272000000000000000e+04,2.195000000000000000e+03,1.000000000000000000e+00,-1.230000000000000000e+02,4.769434653701370053e+01,2.006220657300480070e+01,4.752914413542919903e+01,7.206284283518830103e-01,1.759362340673950031e+00,-1.122067282978260083e+00,-1.852109200003370093e-01,9.808121491984309603e-01,1.919999999999999929e+01,2.060000000000000142e+01,1.025000000000000000e+01,1.335459490741049926e+01,2.190875000000000000e+03,1.000000000000000000e+02,2.192129166666669789e+03
4.272000000000000000e+04,2.200000000000000000e+03,1.000000000000000000e+00,8.660000000000000000e+02,4.352042029735719808e+01,1.737572524873359825e+01,4.380455896677720062e+01,7.283209335000939699e-01,1.741445270272230061e+00,-1.104568665123909943e+00,-3.874641477615839991e-01,9.507876059615559816e-01,1.700000000000000000e+01,1.789999999999999858e+01,1.025000000000000000e+01,1.335459490741049926e+01,2.190875000000000000e+03,1.000000000000000000e+02,2.192129166666669789e+03
4.272000000000000000e+04,2.205000000000000000e+03,1.000000000000000000e+00,4.500000000000000000e+01,3.934951598635819892e+01,1.493676567750500084e+01,4.001465134505289711e+01,7.274684613582540482e-01,1.707235677697150011e+00,-1.081672478083760103e+00,-5.946346041053589548e-01,9.148700927848429920e-01,1.409999999999999964e+01,1.550000000000000000e+01,1.025000000000000000e+01,1.335459490741049926e+01,2.190875000000000000e+03,1.000000000000000000e+02,2.192129166666669789e+03
4.272000000000000000e+04,2.210000000000000000e+03,1.000000000000000000e+00,-1.244000000000000000e+03,3.533430699924929996e+01,1.269606574712929969e+01,3.618525971141580300e+01,7.191740232204140160e-01,1.655969724252920106e+00,-1.047626596524759979e+00,-8.002403492904760496e-01,8.706777312770790367e-01,1.190000000000000036e+01,1.330000000000000071e+01,1.025000000000000000e+01,1.335459490741049926e+01,2.190875000000000000e+03,1.000000000000000000e+02,2.192129166666669789e+03
4.272000000000000000e+04,2.250000000000000000e+03,1.000000000000000000e+00,5.000000000000000000e+01,8.025406502042770285e+00,2.240201733828799835e+00,1.034180643510289954e+01,3.923518257940529774e-01,7.946564777620389597e-01,-4.323933337768149920e-01,-1.279152580001160056e+00,3.675105597774510069e-01,2.200000000000000178e+00,2.299999999999999822e+00,1.025000000000000000e+01,1.335459490741049926e+01,2.190875000000000000e+03,1.000000000000000000e+02,2.192129166666669789e+03
4.272000000000000000e+04,2.325000000000000000e+03,1.000000000000000000e+00,-1.777000000000000000e+03,6.198888774185529887e-02,2.574652760358229764e-01,2.090294759027490068e-01,1.457243971410670039e-02,2.915992914483580070e-02,-1.212901528181340068e-02,-8.101126176339210061e-02,1.332377547846740062e-02,1.499999999999999944e-01,5.500000000000000444e-01,1.025000000000000000e+01,1.335459490741049926e+01,2.190875000000000000e+03,1.000000000000000000e+02,2.192129166666669789e+03
4.272000000000000000e+04,2.400000000000000000e+03,1.000000000000000000e+00,-1.269000000000000000e+03,4.720060396553860105e-05,1.081622217201270025e-01,5.409457707134090326e-04,5.504628797827950260e-05,1.101494251219310038e-04,-3.541359721767790039e-05,-3.606800446349780012e-04,5.032955334415750091e-05,5.000000000000000278e-02,1.499999999999999944e-01,1.025000000000000000e+01,1.335459490741049926e+01,2.190875000000000000e+03,1.000000000000000000e+02,2.192129166666669789e+03
4.272000000000000000e+04,2.450000000000000000e+03,1.000000000000000000e+00,2.000000000000000000e+02,1.436689645617319907e-07,5.851530649095160186e-02,3.376317174033980010e-06,4.154078777552739875e-07,8.312447688374499956e-07,-2.183461250436540055e-07,-2.714442990007639912e-06,3.798129485373640125e-07,5.000000000000000278e-02,1.000000000000000056e-01,1.025000000000000000e+01,1.335459490741049926e+01,2.190875000000000000e+03,1.000000000000000000e+02,2.192129166666669789e+03
4.272000000000000000e+04,2.475000000000000000e+03,1.000000000000000000e+00,4.000000000000000000e+01,7.372262481860609840e-09,4.141863352751280064e-02,1.945318984781000031e-07,2.598778160060460024e-08,5.200240213527950013e-08,-1.229187527123200009e-08,-1.662973717139779870e-07,2.376097441629570152e-08,0.000000000000000000e+00,5.000000000000000278e-02,1.025000000000000000e+01,1.335459490741049926e+01,2.190875000000000000e+03,1.000000000000000000e+02,2.192129166666669789e+03
4.272000000000000000e+04,2.525000000000000000e+03,1.000000000000000000e+00,3.300000000000000000e+02,2.217142061741350131e-11,7.177693419065380234e-03,3.531919837687780018e-10,5.456591477954660148e-11,1.091881826180710053e-10,-2.085712846444490107e-11,-3.269145220810980004e-10,4.989034173845779986e-11,0.000000000000000000e+00,5.000000000000000278e-02,1.025000000000000000e+01,1.335459490741049926e+01,2.190875000000000000e+03,1.000000000000000000e+02,2.192129166666669789e+03
4.272000000000000000e+04,2.550000000000000000e+03,1.000000000000000000e+00,5.000000000000000000e+01,1.131639881823159974e-12,2.753934758241480003e-03,1.125399800356590046e-11,1.855001599766580159e-12,3.711918956191490102e-12,-6.382354158218820052e-13,-1.067351267021909938e-11,1.696052638568260075e-12,0.000000000000000000e+00,5.000000000000000278e-02,1.025000000000000000e+01,1.335459490741049926e+01,2.190875000000000000e+03,1.000000000000000000e+02,2.192129166666669789e+03
4.272700000000000000e+04,2.150000000000000000e+03,1.000000000000000000e+00,6.000000000000000000e+02,7.047556610060330229e+01,5.460334240239310333e+01,7.127192340820340632e+01,4.504857846472610228e-01,1.881232119076660103e+00,-7.053566842241709711e-01,5.055171087225720505e-01,9.946364259284009579e-01,5.379999999999999716e+01,5.510000000000000142e+01,1.600000000000000000e+01,2.035459490741050104e+01,2.190775000000000091e+03,1.000000000000000000e+02,2.192129166666669789e+03
4.272700000000000000e+04,2.250000000000000000e+03,1.000000000000000000e+00,1.520000000000000000e+02,1.089795310075409951e+01,3.649933664895510077e+00,1.373939531194949915e+01,4.152042666788789971e-01,1.213049510155310040e+00,-4.096643563046880043e-01,-8.957385506931669905e-01,4.486998527244610013e-01,3.600000000000000089e+00,3.700000000000000178e+00,1.600000000000000000e+01,2.035459490741050104e+01,2.190775000000000091e+03,1.000000000000000000e+02,2.192129166666669789e+03
4.272700000000000000e+04,2.260000000000000000e+03,1.000000000000000000e+00,7.000000000000000000e+02,6.717143148701979705e+00,2.375042097491129933e+00,9.763147596028659336e+00,3.307218537714600171e-01,9.519470974624519855e-01,-2.873664519229349734e-01,-7.511621355390329935e-01,3.469152693189119785e-01,2.299999999999999822e+00,2.450000000000000178e+00,1.600000000000000000e+01,2.035459490741050104e+01,2.190775000000000091e+03,1.000000000000000000e+02,2.192129166666669789e+03
4.272700000000000000e+04,2.500000000000000000e+03,1.000000000000000000e+00,6.000000000000000000e+01,-7.794228038437729861e-08,7.685331070467600612e-02,1.356505890433100051e-06,1.496648002261999893e-07,4.289854310466139979e-07,-8.049483749153340273e-08,-8.889334275644919757e-07,1.556775890568900059e-07,5.000000000000000278e-02,1.000000000000000056e-01,1.600000000000000000e+01,2.035459490741050104e+01,2.190775000000000091e+03,1.000000000000000000e+02,2.192129166666669789e+03
4.272700000000000000e+04,2.600000000000000000e+03,1.000000000000000000e+00,2.012000000000000000e+03,-1.726077193015240067e-11,2.483940271068510106e-02,2.720099506254940071e-11,3.849134710021530274e-12,1.103280604550609965e-11,-1.582228378214770086e-12,-2.257521066057579884e-11,4.003773837974549849e-12,0.000000000000000000e+00,5.000000000000000278e-02,1.600000000000000000e+01,2.035459490741050104e+01,2.190775000000000091e+03,1.000000000000000000e+02,2.192129166666669789e+03
4.273400000000000000e+04,2.550000000000000000e+03,1.000000000000000000e+00,5.000000000000000000e+01,-1.198366351708939950e-07,5.909172070334010179e-02,8.872763010733519584e-07,8.732597779646360447e-08,3.176188264281170116e-07,-5.226037798848159682e-08,-5.130467817852199515e-07,1.027085403260009940e-07,5.000000000000000278e-02,1.000000000000000056e-01,2.000000000000000000e+01,2.735459490741050104e+01,2.190641666666670062e+03,1.000000000000000000e+02,2.192129166666669789e+03
4.273400000000000000e+04,2.600000000000000000e+03,1.000000000000000000e+00,2.000000000000000000e+01,-2.533336532836080042e-09,4.003617347073350208e-02,1.046006853552440070e-08,1.154498946575880034e-09,4.199100998085559970e-09,-6.283902120828050514e-10,-6.949320184428159748e-09,1.357865146235049899e-09,0.000000000000000000e+00,5.000000000000000278e-02,2.000000000000000000e+01,2.735459490741050104e+01,2.190641666666670062e+03,1.000000000000000000e+02,2.192129166666669789e+03
4.273400000000000000e+04,2.700000000000000000e+03,1.000000000000000000e+00,2.620000000000000000e+02,-4.707527462407109783e-12,3.083925108134930211e-03,4.339730745529219810e-13,5.804074170131069575e-14,2.111036455515539987e-13,-2.581748341753709990e-14,-3.475735935960000198e-13,6.826467919402329406e-14,0.000000000000000000e+00,5.000000000000000278e-02,2.000000000000000000e+01,2.735459490741050104e+01,2.190641666666670062e+03,1.000000000000000000e+02,2.192129166666669789e+03
4.274100000000000000e+04,2.600000000000000000e+03,1.000000000000000000e+00,3.500000000000000000e+01,-1.136158889917270002e-07,4.863628631574810207e-02,6.175231998740129557e-07,5.502221966491700062e-08,2.446409659723720178e-07,-3.604415364315780205e-08,-3.196347796281360049e-07,7.211660175761160460e-08,0.000000000000000000e+00,5.000000000000000278e-02,2.400000000000000000e+01,3.435459490741050104e+01,2.190291666666670153e+03,1.000000000000000000e+02,2.192129166666669789e+03
