1.850037208799999906e+06,1.618782557700000936e+06,1.387527906600000802e+06,1.156273255500000669e+06,9.250186043999993708e+05,7.400148835199992172e+05,5.550111626400003443e+05,3.700074417600001907e+05,2.775055813200001721e+05,1.850037208800000953e+05,9.250186044000004767e+04,-0.000000000000000000e+00,-9.250186044000004767e+04,-1.850037208800000953e+05,-2.775055813200001721e+05,-3.700074417600001907e+05,-5.550111626400003443e+05,-7.400148835200003814e+05,-9.250186044000005350e+05,-1.156273255500000669e+06,-1.387527906599999638e+06,-1.618782557700000936e+06,-1.850037208799998742e+06
0.000000000000000000e+00,0.000000000000000000e+00,0.000000000000000000e+00,0.000000000000000000e+00,0.000000000000000000e+00,0.000000000000000000e+00,0.000000000000000000e+00,0.000000000000000000e+00,0.000000000000000000e+00,0.000000000000000000e+00,0.000000000000000000e+00,0.000000000000000000e+00,0.000000000000000000e+00,0.000000000000000000e+00,0.000000000000000000e+00,0.000000000000000000e+00,0.000000000000000000e+00,0.000000000000000000e+00,0.000000000000000000e+00,0.000000000000000000e+00,0.000000000000000000e+00,0.000000000000000000e+00,0.000000000000000000e+00
1.219172999999812618e+07,2.820377812498138286e+06,-1.438593244529329876e-06,-1.438593244529329876e-06,-1.438593244529329876e-06,-1.438593244529329876e-06,-1.438593244529329876e-06,-1.438593244529329876e-06,-1.438593244529329876e-06,-1.438593244529329876e-06,-1.438593244529329876e-06,-1.438593244529329876e-06,-1.438593244529329876e-06,-1.438593244529329876e-06,-1.438593244529329876e-06,-1.438593244529329876e-06,-1.438593244529329876e-06,-1.438593244529329876e-06,-1.438593244529329876e-06,-1.438593244529329876e-06,-1.438593244529329876e-06,-1.438593244529329876e-06,-1.438593244529329876e-06
9.155599999997729901e+04,2.579212499997738632e+04,-1.964508555829523670e-08,-1.964508555829523670e-08,-1.964508555829523670e-08,-1.964508555829523670e-08,-1.964508555829523670e-08,-1.964508555829523670e-08,-1.964508555829523670e-08,-1.964508555829523670e-08,-1.964508555829523670e-08,-1.964508555829523670e-08,-1.964508555829523670e-08,-1.964508555829523670e-08,-1.964508555829523670e-08,-1.964508555829523670e-08,-1.964508555829523670e-08,-1.964508555829523670e-08,-1.964508555829523670e-08,-1.964508555829523670e-08,-1.964508555829523670e-08,-1.964508555829523670e-08,-1.964508555829523670e-08
2.022229999995257705e+07,8.713621874952591956e+06,-4.688899934990334241e-05,-4.688899934990334241e-05,-4.688899934990334241e-05,-4.688899934990334241e-05,-4.688899934990334241e-05,-4.688899934990334241e-05,-4.688899934990334241e-05,-4.688899934990334241e-05,-4.688899934990334241e-05,-4.688899934990334241e-05,-4.688899934990334241e-05,-4.688899934990334241e-05,-4.688899934990334241e-05,-4.688899934990334241e-05,-4.688899934990334241e-05,-4.688899934990334241e-05,-4.688899934990334241e-05,-4.688899934990334241e-05,-4.688899934990334241e-05,-4.688899934990334241e-05,-4.688899934990334241e-05
1.170373332656807266e+07,7.319474993234744295e+06,2.935216659901398234e+06,-6.765058060409504664e-03,-6.765058060409504664e-03,-6.765058060409504664e-03,-6.765058060409504664e-03,-6.765058060409504664e-03,-6.765058060409504664e-03,-6.765058060409504664e-03,-6.765058060409504664e-03,-6.765058060409504664e-03,-6.765058060409504664e-03,-6.765058060409504664e-03,-6.765058060409504664e-03,-6.765058060409504664e-03,-6.765058060409504664e-03,-6.765058060409504664e-03,-6.765058060409504664e-03,-6.765058060409504664e-03,-6.765058060409504664e-03,-6.765058060409504664e-03,-6.765058060409504664e-03
1.210373332160566933e+06,7.719474988272341434e+05,3.335216654938994907e+05,-1.172746124211695952e-03,-1.172746124211695952e-03,-1.172746124211695952e-03,-1.172746124211695952e-03,-1.172746124211695952e-03,-1.172746124211695952e-03,-1.172746124211695952e-03,-1.172746124211695952e-03,-1.172746124211695952e-03,-1.172746124211695952e-03,-1.172746124211695952e-03,-1.172746124211695952e-03,-1.172746124211695952e-03,-1.172746124211695952e-03,-1.172746124211695952e-03,-1.172746124211695952e-03,-1.172746124211695952e-03,-1.172746124211695952e-03,-1.172746124211695952e-03,-1.172746124211695952e-03
1.216206324646833166e+07,8.271033975635003299e+06,4.380004704801659100e+06,4.889754339683144935e+05,-8.686482078701408815e-02,-8.686482078701408815e-02,-8.686482078701408815e-02,-8.686482078701408815e-02,-8.686482078701408815e-02,-8.686482078701408815e-02,-8.686482078701408815e-02,-8.686482078701408815e-02,-8.686482078701408815e-02,-8.686482078701408815e-02,-8.686482078701408815e-02,-8.686482078701408815e-02,-8.686482078701408815e-02,-8.686482078701408815e-02,-8.686482078701408815e-02,-8.686482078701408815e-02,-8.686482078701408815e-02,-8.686482078701408815e-02,-8.686482078701408815e-02
-2.654254932436879352e+07,-2.051419411603546888e+07,-1.448583890770211816e+07,-8.457483699368767440e+06,-2.429128491035417188e+06,8.400896425882817198e+01,8.400896425882817198e+01,8.400896425882817198e+01,8.400896425882817198e+01,8.400896425882817198e+01,8.400896425882817198e+01,8.400896425882817198e+01,8.400896425882817198e+01,8.400896425882817198e+01,8.400896425882817198e+01,8.400896425882817198e+01,8.400896425882817198e+01,8.400896425882817198e+01,8.400896425882817198e+01,8.400896425882817198e+01,8.400896425882817198e+01,8.400896425882817198e+01,8.400896425882817198e+01
-2.010359971048290282e+07,-1.571934137714957632e+07,-1.133508304381622933e+07,-6.950824710482884198e+06,-2.566566377149538137e+06,1.336228502259471895e+02,1.336228502259471895e+02,1.336228502259471895e+02,1.336228502259471895e+02,1.336228502259471895e+02,1.336228502259471895e+02,1.336228502259471895e+02,1.336228502259471895e+02,1.336228502259471895e+02,1.336228502259471895e+02,1.336228502259471895e+02,1.336228502259471895e+02,1.336228502259471895e+02,1.336228502259471895e+02,1.336228502259471895e+02,1.336228502259471895e+02,1.336228502259471895e+02,1.336228502259471895e+02
3.401982753222195059e+07,2.714750259472195804e+07,2.027517765722193941e+07,1.340285271972191893e+07,6.530527782221899368e+06,1.032667832221900462e+06,-7.744677777312978151e+02,-7.744677777312978151e+02,-7.744677777312978151e+02,-7.744677777312978151e+02,-7.744677777312978151e+02,-7.744677777312978151e+02,-7.744677777312978151e+02,-7.744677777312978151e+02,-7.744677777312978151e+02,-7.744677777312978151e+02,-7.744677777312978151e+02,-7.744677777312978151e+02,-7.744677777312978151e+02,-7.744677777312978151e+02,-7.744677777312978151e+02,-7.744677777312978151e+02,-7.744677777312978151e+02
-1.124405649164844863e+07,-9.325943470815118402e+06,-7.407830449981779791e+06,-5.489717429148441181e+06,-3.571604408315101638e+06,-2.037113991648435593e+06,-5.026235749817692558e+05,1.326841684795000447e+03,1.326841684795000447e+03,1.326841684795000447e+03,1.326841684795000447e+03,1.326841684795000447e+03,1.326841684795000447e+03,1.326841684795000447e+03,1.326841684795000447e+03,1.326841684795000447e+03,1.326841684795000447e+03,1.326841684795000447e+03,1.326841684795000447e+03,1.326841684795000447e+03,1.326841684795000447e+03,1.326841684795000447e+03,1.326841684795000447e+03
2.809887774764856696e+07,2.371461941431523860e+07,1.933036108098189160e+07,1.494610274764854647e+07,1.056184441431520134e+07,7.054437747648535296e+06,3.547031080981869251e+06,3.962441431518527679e+04,-4.855585684563264294e+03,-4.855585684563264294e+03,-4.855585684563264294e+03,-4.855585684563264294e+03,-4.855585684563264294e+03,-4.855585684563264294e+03,-4.855585684563264294e+03,-4.855585684563264294e+03,-4.855585684563264294e+03,-4.855585684563264294e+03,-4.855585684563264294e+03,-4.855585684563264294e+03,-4.855585684563264294e+03,-4.855585684563264294e+03,-4.855585684563264294e+03
-3.009654466741945595e+07,-2.571228633408613130e+07,-2.132802800075278431e+07,-1.694376966741943732e+07,-1.255951133408609219e+07,-9.052104667419426143e+06,-5.544698000752760097e+06,-2.037291334086075891e+06,-2.835880007527521229e+05,7.188665913672592069e+03,7.188665913672592069e+03,7.188665913672592069e+03,7.188665913672592069e+03,7.188665913672592069e+03,7.188665913672592069e+03,7.188665913672592069e+03,7.188665913672592069e+03,7.188665913672592069e+03,7.188665913672592069e+03,7.188665913672592069e+03,7.188665913672592069e+03,7.188665913672592069e+03,7.188665913672592069e+03
-1.509713163725185581e+07,-1.317901861641852558e+07,-1.126090559558518603e+07,-9.342792574751848355e+06,-7.424679553918508813e+06,-5.890189137251842767e+06,-4.355698720585175790e+06,-2.821208303918501828e+06,-2.053963095585172763e+06,-1.286717887251843698e+06,-5.194726789184984518e+05,1.732516960813880723e+05,1.732516960813880723e+05,1.732516960813880723e+05,1.732516960813880723e+05,1.732516960813880723e+05,1.732516960813880723e+05,1.732516960813880723e+05,1.732516960813880723e+05,1.732516960813880723e+05,1.732516960813880723e+05,1.732516960813880723e+05,1.732516960813880723e+05
1.089751908092941344e+07,9.527438351762749255e+06,8.157357622596077621e+06,6.787276893429406919e+06,5.417196164262736216e+06,4.321131580929403193e+06,3.225066997596070636e+06,2.129002414262731560e+06,1.580970122596067609e+06,1.032937830929403892e+06,4.849055392627289402e+05,-6.312675240393472632e+04,-2.598975857371900056e+05,-2.598975857371900056e+05,-2.598975857371900056e+05,-2.598975857371900056e+05,-2.598975857371900056e+05,-2.598975857371900056e+05,-2.598975857371900056e+05,-2.598975857371900056e+05,-2.598975857371900056e+05,-2.598975857371900056e+05,-2.598975857371900056e+05
-1.764216966838166490e+07,-1.216237800171502307e+07,-6.682586335048335604e+06,-1.202794668381648138e+06,4.496998284707839957e+03,4.496998284707839957e+03,4.496998284707839957e+03,4.496998284707839957e+03,4.496998284707839957e+03,4.496998284707839957e+03,4.496998284707839957e+03,4.496998284707839957e+03,4.496998284707839957e+03,4.496998284707839957e+03,4.496998284707839957e+03,4.496998284707839957e+03,4.496998284707839957e+03,4.496998284707839957e+03,4.496998284707839957e+03,4.496998284707839957e+03,4.496998284707839957e+03,4.496998284707839957e+03,4.496998284707839957e+03
3.628389085352791881e+04,2.532430752019463398e+04,1.436472418686125820e+04,3.405140853527882427e+03,-9.442479804829421397e+00,-9.442479804829421397e+00,-9.442479804829421397e+00,-9.442479804829421397e+00,-9.442479804829421397e+00,-9.442479804829421397e+00,-9.442479804829421397e+00,-9.442479804829421397e+00,-9.442479804829421397e+00,-9.442479804829421397e+00,-9.442479804829421397e+00,-9.442479804829421397e+00,-9.442479804829421397e+00,-9.442479804829421397e+00,-9.442479804829421397e+00,-9.442479804829421397e+00,-9.442479804829421397e+00,-9.442479804829421397e+00,-9.442479804829421397e+00
-1.660162657709906250e+07,-1.249178282709908113e+07,-8.381939077099065296e+06,-4.272095327099049464e+06,-1.622515770990503079e+05,8.373422900717774610e+03,8.373422900717774610e+03,8.373422900717774610e+03,8.373422900717774610e+03,8.373422900717774610e+03,8.373422900717774610e+03,8.373422900717774610e+03,8.373422900717774610e+03,8.373422900717774610e+03,8.373422900717774610e+03,8.373422900717774610e+03,8.373422900717774610e+03,8.373422900717774610e+03,8.373422900717774610e+03,8.373422900717774610e+03,8.373422900717774610e+03,8.373422900717774610e+03,8.373422900717774610e+03
-5.018281276343462616e+07,-4.004519818010133505e+07,-2.990758359676796570e+07,-1.976996901343459263e+07,-9.632354430101260543e+06,-1.522262763434546301e+06,3.852056989816669375e+04,3.852056989816669375e+04,3.852056989816669375e+04,3.852056989816669375e+04,3.852056989816669375e+04,3.852056989816669375e+04,3.852056989816669375e+04,3.852056989816669375e+04,3.852056989816669375e+04,3.852056989816669375e+04,3.852056989816669375e+04,3.852056989816669375e+04,3.852056989816669375e+04,3.852056989816669375e+04,3.852056989816669375e+04,3.852056989816669375e+04,3.852056989816669375e+04
2.074617217505915835e+07,1.745829717505917326e+07,1.417042217505916208e+07,1.088254717505914904e+07,7.594672175059149973e+06,4.964372175059134141e+06,2.334072175059145782e+06,-4.182782494066488289e+04,-4.182782494066488289e+04,-4.182782494066488289e+04,-4.182782494066488289e+04,-4.182782494066488289e+04,-4.182782494066488289e+04,-4.182782494066488289e+04,-4.182782494066488289e+04,-4.182782494066488289e+04,-4.182782494066488289e+04,-4.182782494066488289e+04,-4.182782494066488289e+04,-4.182782494066488289e+04,-4.182782494066488289e+04,-4.182782494066488289e+04,-4.182782494066488289e+04
-3.200357515899925493e+06,-2.707176265899927355e+06,-2.213995015899925493e+06,-1.720813765899923630e+06,-1.227632515899923863e+06,-8.330875158999215346e+05,-4.385425158999232808e+05,-4.399751589992092340e+04,7.842484100048292021e+03,7.842484100048292021e+03,7.842484100048292021e+03,7.842484100048292021e+03,7.842484100048292021e+03,7.842484100048292021e+03,7.842484100048292021e+03,7.842484100048292021e+03,7.842484100048292021e+03,7.842484100048292021e+03,7.842484100048292021e+03,7.842484100048292021e+03,7.842484100048292021e+03,7.842484100048292021e+03,7.842484100048292021e+03
9.347896876233516959e+05,-4.103123766435600146e+02,-4.103123766435600146e+02,-4.103123766435600146e+02,-4.103123766435600146e+02,-4.103123766435600146e+02,-4.103123766435600146e+02,-4.103123766435600146e+02,-4.103123766435600146e+02,-4.103123766435600146e+02,-4.103123766435600146e+02,-4.103123766435600146e+02,-4.103123766435600146e+02,-4.103123766435600146e+02,-4.103123766435600146e+02,-4.103123766435600146e+02,-4.103123766435600146e+02,-4.103123766435600146e+02,-4.103123766435600146e+02,-4.103123766435600146e+02,-4.103123766435600146e+02,-4.103123766435600146e+02,-4.103123766435600146e+02
2.952667376985119745e+02,2.952667376985119745e+02,2.952667376985119745e+02,2.952667376985119745e+02,2.952667376985119745e+02,2.952667376985119745e+02,2.952667376985119745e+02,2.952667376985119745e+02,2.952667376985119745e+02,2.952667376985119745e+02,2.952667376985119745e+02,2.952667376985119745e+02,2.952667376985119745e+02,2.952667376985119745e+02,2.952667376985119745e+02,2.952667376985119745e+02,2.952667376985119745e+02,2.952667376985119745e+02,2.952667376985119745e+02,2.952667376985119745e+02,2.952667376985119745e+02,2.952667376985119745e+02,2.952667376985119745e+02
-8.585920894711319988e+02,-8.585920894711319988e+02,-8.585920894711319988e+02,-8.585920894711319988e+02,-8.585920894711319988e+02,-8.585920894711319988e+02,-8.585920894711319988e+02,-8.585920894711319988e+02,-8.585920894711319988e+02,-8.585920894711319988e+02,-8.585920894711319988e+02,-8.585920894711319988e+02,-8.585920894711319988e+02,-8.585920894711319988e+02,-8.585920894711319988e+02,-8.585920894711319988e+02,-8.585920894711319988e+02,-8.585920894711319988e+02,-8.585920894711319988e+02,-8.585920894711319988e+02,-8.585920894711319988e+02,-8.585920894711319988e+02,-8.585920894711319988e+02
4.356854372213092865e+05,-5.812294454108259742e+02,-5.812294454108259742e+02,-5.812294454108259742e+02,-5.812294454108259742e+02,-5.812294454108259742e+02,-5.812294454108259742e+02,-5.812294454108259742e+02,-5.812294454108259742e+02,-5.812294454108259742e+02,-5.812294454108259742e+02,-5.812294454108259742e+02,-5.812294454108259742e+02,-5.812294454108259742e+02,-5.812294454108259742e+02,-5.812294454108259742e+02,-5.812294454108259742e+02,-5.812294454108259742e+02,-5.812294454108259742e+02,-5.812294454108259742e+02,-5.812294454108259742e+02,-5.812294454108259742e+02,-5.812294454108259742e+02
1.271242995022848947e+06,-1.290338310591323989e+03,-1.290338310591323989e+03,-1.290338310591323989e+03,-1.290338310591323989e+03,-1.290338310591323989e+03,-1.290338310591323989e+03,-1.290338310591323989e+03,-1.290338310591323989e+03,-1.290338310591323989e+03,-1.290338310591323989e+03,-1.290338310591323989e+03,-1.290338310591323989e+03,-1.290338310591323989e+03,-1.290338310591323989e+03,-1.290338310591323989e+03,-1.290338310591323989e+03,-1.290338310591323989e+03,-1.290338310591323989e+03,-1.290338310591323989e+03,-1.290338310591323989e+03,-1.290338310591323989e+03,-1.290338310591323989e+03
1.691855008837627247e+06,-1.558324495828853742e+03,-1.558324495828853742e+03,-1.558324495828853742e+03,-1.558324495828853742e+03,-1.558324495828853742e+03,-1.558324495828853742e+03,-1.558324495828853742e+03,-1.558324495828853742e+03,-1.558324495828853742e+03,-1.558324495828853742e+03,-1.558324495828853742e+03,-1.558324495828853742e+03,-1.558324495828853742e+03,-1.558324495828853742e+03,-1.558324495828853742e+03,-1.558324495828853742e+03,-1.558324495828853742e+03,-1.558324495828853742e+03,-1.558324495828853742e+03,-1.558324495828853742e+03,-1.558324495828853742e+03,-1.558324495828853742e+03
1.871048462150347419e+06,-1.484871183092764113e+03,-1.484871183092764113e+03,-1.484871183092764113e+03,-1.484871183092764113e+03,-1.484871183092764113e+03,-1.484871183092764113e+03,-1.484871183092764113e+03,-1.484871183092764113e+03,-1.484871183092764113e+03,-1.484871183092764113e+03,-1.484871183092764113e+03,-1.484871183092764113e+03,-1.484871183092764113e+03,-1.484871183092764113e+03,-1.484871183092764113e+03,-1.484871183092764113e+03,-1.484871183092764113e+03,-1.484871183092764113e+03,-1.484871183092764113e+03,-1.484871183092764113e+03,-1.484871183092764113e+03,-1.484871183092764113e+03
1.419160049348795321e+06,4.948296601546644524e+04,-1.173283984604722491e+03,-1.173283984604722491e+03,-1.173283984604722491e+03,-1.173283984604722491e+03,-1.173283984604722491e+03,-1.173283984604722491e+03,-1.173283984604722491e+03,-1.173283984604722491e+03,-1.173283984604722491e+03,-1.173283984604722491e+03,-1.173283984604722491e+03,-1.173283984604722491e+03,-1.173283984604722491e+03,-1.173283984604722491e+03,-1.173283984604722491e+03,-1.173283984604722491e+03,-1.173283984604722491e+03,-1.173283984604722491e+03,-1.173283984604722491e+03,-1.173283984604722491e+03,-1.173283984604722491e+03
2.267250643915206660e+06,5.359788105818786426e+05,-2.050689418211276006e+03,-2.050689418211276006e+03,-2.050689418211276006e+03,-2.050689418211276006e+03,-2.050689418211276006e+03,-2.050689418211276006e+03,-2.050689418211276006e+03,-2.050689418211276006e+03,-2.050689418211276006e+03,-2.050689418211276006e+03,-2.050689418211276006e+03,-2.050689418211276006e+03,-2.050689418211276006e+03,-2.050689418211276006e+03,-2.050689418211276006e+03,-2.050689418211276006e+03,-2.050689418211276006e+03,-2.050689418211276006e+03,-2.050689418211276006e+03,-2.050689418211276006e+03,-2.050689418211276006e+03
1.534840283918915782e+06,4.390986172522525303e+05,-1.426382747804382007e+03,-1.426382747804382007e+03,-1.426382747804382007e+03,-1.426382747804382007e+03,-1.426382747804382007e+03,-1.426382747804382007e+03,-1.426382747804382007e+03,-1.426382747804382007e+03,-1.426382747804382007e+03,-1.426382747804382007e+03,-1.426382747804382007e+03,-1.426382747804382007e+03,-1.426382747804382007e+03,-1.426382747804382007e+03,-1.426382747804382007e+03,-1.426382747804382007e+03,-1.426382747804382007e+03,-1.426382747804382007e+03,-1.426382747804382007e+03,-1.426382747804382007e+03,-1.426382747804382007e+03
1.834477802974215709e+06,7.387361363075524569e+05,-1.788863692504492064e+03,-1.788863692504492064e+03,-1.788863692504492064e+03,-1.788863692504492064e+03,-1.788863692504492064e+03,-1.788863692504492064e+03,-1.788863692504492064e+03,-1.788863692504492064e+03,-1.788863692504492064e+03,-1.788863692504492064e+03,-1.788863692504492064e+03,-1.788863692504492064e+03,-1.788863692504492064e+03,-1.788863692504492064e+03,-1.788863692504492064e+03,-1.788863692504492064e+03,-1.788863692504492064e+03,-1.788863692504492064e+03,-1.788863692504492064e+03,-1.788863692504492064e+03,-1.788863692504492064e+03
5.899826507648414932e+06,2.557814424315092620e+06,-5.786825685080887524e+03,-5.786825685080887524e+03,-5.786825685080887524e+03,-5.786825685080887524e+03,-5.786825685080887524e+03,-5.786825685080887524e+03,-5.786825685080887524e+03,-5.786825685080887524e+03,-5.786825685080887524e+03,-5.786825685080887524e+03,-5.786825685080887524e+03,-5.786825685080887524e+03,-5.786825685080887524e+03,-5.786825685080887524e+03,-5.786825685080887524e+03,-5.786825685080887524e+03,-5.786825685080887524e+03,-5.786825685080887524e+03,-5.786825685080887524e+03,-5.786825685080887524e+03,-5.786825685080887524e+03
-4.867726448861040175e+06,-2.676243115527713671e+06,-4.847597821943872841e+05,4.806884472400280174e+03,4.806884472400280174e+03,4.806884472400280174e+03,4.806884472400280174e+03,4.806884472400280174e+03,4.806884472400280174e+03,4.806884472400280174e+03,4.806884472400280174e+03,4.806884472400280174e+03,4.806884472400280174e+03,4.806884472400280174e+03,4.806884472400280174e+03,4.806884472400280174e+03,4.806884472400280174e+03,4.806884472400280174e+03,4.806884472400280174e+03,4.806884472400280174e+03,4.806884472400280174e+03,4.806884472400280174e+03,4.806884472400280174e+03
1.697621356070175767e+06,9.634744394035114674e+05,2.293275227368471387e+05,-1.677310596526694553e+03,-1.677310596526694553e+03,-1.677310596526694553e+03,-1.677310596526694553e+03,-1.677310596526694553e+03,-1.677310596526694553e+03,-1.677310596526694553e+03,-1.677310596526694553e+03,-1.677310596526694553e+03,-1.677310596526694553e+03,-1.677310596526694553e+03,-1.677310596526694553e+03,-1.677310596526694553e+03,-1.677310596526694553e+03,-1.677310596526694553e+03,-1.677310596526694553e+03,-1.677310596526694553e+03,-1.677310596526694553e+03,-1.677310596526694553e+03,-1.677310596526694553e+03
2.633661484225226566e+06,1.537919817558563314e+06,4.421781508919002372e+05,-2.605182441493519946e+03,-2.605182441493519946e+03,-2.605182441493519946e+03,-2.605182441493519946e+03,-2.605182441493519946e+03,-2.605182441493519946e+03,-2.605182441493519946e+03,-2.605182441493519946e+03,-2.605182441493519946e+03,-2.605182441493519946e+03,-2.605182441493519946e+03,-2.605182441493519946e+03,-2.605182441493519946e+03,-2.605182441493519946e+03,-2.605182441493519946e+03,-2.605182441493519946e+03,-2.605182441493519946e+03,-2.605182441493519946e+03,-2.605182441493519946e+03,-2.605182441493519946e+03
2.733555528278602753e+06,1.637813861611939501e+06,5.420721949452763656e+05,-2.711138388117440172e+03,-2.711138388117440172e+03,-2.711138388117440172e+03,-2.711138388117440172e+03,-2.711138388117440172e+03,-2.711138388117440172e+03,-2.711138388117440172e+03,-2.711138388117440172e+03,-2.711138388117440172e+03,-2.711138388117440172e+03,-2.711138388117440172e+03,-2.711138388117440172e+03,-2.711138388117440172e+03,-2.711138388117440172e+03,-2.711138388117440172e+03,-2.711138388117440172e+03,-2.711138388117440172e+03,-2.711138388117440172e+03,-2.711138388117440172e+03,-2.711138388117440172e+03
7.579466508966299705e+06,4.648357550632975064e+06,1.717248592299651587e+06,-7.546824367176786836e+03,-7.546824367176786836e+03,-7.546824367176786836e+03,-7.546824367176786836e+03,-7.546824367176786836e+03,-7.546824367176786836e+03,-7.546824367176786836e+03,-7.546824367176786836e+03,-7.546824367176786836e+03,-7.546824367176786836e+03,-7.546824367176786836e+03,-7.546824367176786836e+03,-7.546824367176786836e+03,-7.546824367176786836e+03,-7.546824367176786836e+03,-7.546824367176786836e+03,-7.546824367176786836e+03,-7.546824367176786836e+03,-7.546824367176786836e+03,-7.546824367176786836e+03
3.813327815304995328e+07,2.388863648638333380e+07,9.643994819716712460e+06,-3.818851361740610446e+04,-3.818851361740610446e+04,-3.818851361740610446e+04,-3.818851361740610446e+04,-3.818851361740610446e+04,-3.818851361740610446e+04,-3.818851361740610446e+04,-3.818851361740610446e+04,-3.818851361740610446e+04,-3.818851361740610446e+04,-3.818851361740610446e+04,-3.818851361740610446e+04,-3.818851361740610446e+04,-3.818851361740610446e+04,-3.818851361740610446e+04,-3.818851361740610446e+04,-3.818851361740610446e+04,-3.818851361740610446e+04,-3.818851361740610446e+04,-3.818851361740610446e+04
1.997714312815772602e+06,1.395056396149107954e+06,7.923984794824431883e+05,1.897405628157760075e+05,-2.232353850923349910e+03,-2.232353850923349910e+03,-2.232353850923349910e+03,-2.232353850923349910e+03,-2.232353850923349910e+03,-2.232353850923349910e+03,-2.232353850923349910e+03,-2.232353850923349910e+03,-2.232353850923349910e+03,-2.232353850923349910e+03,-2.232353850923349910e+03,-2.232353850923349910e+03,-2.232353850923349910e+03,-2.232353850923349910e+03,-2.232353850923349910e+03,-2.232353850923349910e+03,-2.232353850923349910e+03,-2.232353850923349910e+03,-2.232353850923349910e+03
-1.370614983353730477e+07,-9.980628166870649904e+06,-6.255106500203995034e+06,-2.529584833537324797e+06,1.715683312954388748e+04,1.715683312954388748e+04,1.715683312954388748e+04,1.715683312954388748e+04,1.715683312954388748e+04,1.715683312954388748e+04,1.715683312954388748e+04,1.715683312954388748e+04,1.715683312954388748e+04,1.715683312954388748e+04,1.715683312954388748e+04,1.715683312954388748e+04,1.715683312954388748e+04,1.715683312954388748e+04,1.715683312954388748e+04,1.715683312954388748e+04,1.715683312954388748e+04,1.715683312954388748e+04,1.715683312954388748e+04
1.239807870531209558e+08,9.641192671978770196e+07,6.884306638645446301e+07,4.127420605312109739e+07,1.370534571978774108e+07,-2.156822802137272956e+05,-2.156822802137272956e+05,-2.156822802137272956e+05,-2.156822802137272956e+05,-2.156822802137272956e+05,-2.156822802137272956e+05,-2.156822802137272956e+05,-2.156822802137272956e+05,-2.156822802137272956e+05,-2.156822802137272956e+05,-2.156822802137272956e+05,-2.156822802137272956e+05,-2.156822802137272956e+05,-2.156822802137272956e+05,-2.156822802137272956e+05,-2.156822802137272956e+05,-2.156822802137272956e+05,-2.156822802137272956e+05
-2.136541139009066299e+07,-1.670850930675734580e+07,-1.205160722342402674e+07,-7.394705140090689063e+06,-2.737803056757351384e+06,3.872194324289690849e+04,3.872194324289690849e+04,3.872194324289690849e+04,3.872194324289690849e+04,3.872194324289690849e+04,3.872194324289690849e+04,3.872194324289690849e+04,3.872194324289690849e+04,3.872194324289690849e+04,3.872194324289690849e+04,3.872194324289690849e+04,3.872194324289690849e+04,3.872194324289690849e+04,3.872194324289690849e+04,3.872194324289690849e+04,3.872194324289690849e+04,3.872194324289690849e+04,3.872194324289690849e+04
-8.520850362659543753e+06,-7.425108695992880501e+06,-6.329367029326217249e+06,-5.233625362659550272e+06,-4.137883695992882363e+06,-3.261290362659551669e+06,-2.384697029326226097e+06,-1.508103695992886322e+06,-1.069807029326220974e+06,-6.315103626595557434e+05,-1.932136959928904835e+05,2.450829706737747765e+05,4.154163040071760188e+05,4.154163040071760188e+05,4.154163040071760188e+05,4.154163040071760188e+05,4.154163040071760188e+05,4.154163040071760188e+05,4.154163040071760188e+05,4.154163040071760188e+05,4.154163040071760188e+05,4.154163040071760188e+05,4.154163040071760188e+05
3.541332152714285068e+06,2.993496736047620885e+06,2.445661319380951580e+06,1.897825902714284835e+06,1.349990486047615763e+06,9.117221527142805280e+05,4.734538193809476215e+05,3.518548604761689785e+04,-2.793451395235479868e+04,-2.793451395235479868e+04,-2.793451395235479868e+04,-2.793451395235479868e+04,-2.793451395235479868e+04,-2.793451395235479868e+04,-2.793451395235479868e+04,-2.793451395235479868e+04,-2.793451395235479868e+04,-2.793451395235479868e+04,-2.793451395235479868e+04,-2.793451395235479868e+04,-2.793451395235479868e+04,-2.793451395235479868e+04,-2.793451395235479868e+04
7.967325789285268635e+06,6.871654955951940268e+06,5.775984122618601657e+06,4.680313289285268635e+06,3.584642455951930024e+06,2.708105789285259787e+06,1.831569122618593508e+06,9.550324559519322356e+05,5.167641226185969426e+05,7.849578928526170785e+04,-1.712075440480111865e+05,-1.712075440480111865e+05,-1.712075440480111865e+05,-1.712075440480111865e+05,-1.712075440480111865e+05,-1.712075440480111865e+05,-1.712075440480111865e+05,-1.712075440480111865e+05,-1.712075440480111865e+05,-1.712075440480111865e+05,-1.712075440480111865e+05,-1.712075440480111865e+05,-1.712075440480111865e+05
2.147365705430122558e+06,1.873447997096790234e+06,1.599530288763455814e+06,1.325612580430122325e+06,1.051694872096787672e+06,8.325607054301201133e+05,6.134265387634537183e+05,3.942923720967883128e+05,2.847252887634545332e+05,1.751582054301207245e+05,6.559112209678691579e+04,-4.397596123654690018e+04,-1.372676279031975137e+05,-1.372676279031975137e+05,-1.372676279031975137e+05,-1.372676279031975137e+05,-1.372676279031975137e+05,-1.372676279031975137e+05,-1.372676279031975137e+05,-1.372676279031975137e+05,-1.372676279031975137e+05,-1.372676279031975137e+05,-1.372676279031975137e+05
-2.955418684460325539e+07,-2.298123684460330755e+07,-1.640828684460330755e+07,-9.835336844603307545e+06,-3.262386844603306614e+06,1.114131553970492387e+05,1.114131553970492387e+05,1.114131553970492387e+05,1.114131553970492387e+05,1.114131553970492387e+05,1.114131553970492387e+05,1.114131553970492387e+05,1.114131553970492387e+05,1.114131553970492387e+05,1.114131553970492387e+05,1.114131553970492387e+05,1.114131553970492387e+05,1.114131553970492387e+05,1.114131553970492387e+05,1.114131553970492387e+05,1.114131553970492387e+05,1.114131553970492387e+05,1.114131553970492387e+05
0.000000000000000000e+00,0.000000000000000000e+00,0.000000000000000000e+00,0.000000000000000000e+00,0.000000000000000000e+00,0.000000000000000000e+00,0.000000000000000000e+00,0.000000000000000000e+00,0.000000000000000000e+00,0.000000000000000000e+00,0.000000000000000000e+00,0.000000000000000000e+00,0.000000000000000000e+00,0.000000000000000000e+00,0.000000000000000000e+00,0.000000000000000000e+00,0.000000000000000000e+00,0.000000000000000000e+00,0.000000000000000000e+00,0.000000000000000000e+00,0.000000000000000000e+00,0.000000000000000000e+00,0.000000000000000000e+00
0.000000000000000000e+00,0.000000000000000000e+00,0.000000000000000000e+00,0.000000000000000000e+00,0.000000000000000000e+00,0.000000000000000000e+00,0.000000000000000000e+00,0.000000000000000000e+00,0.000000000000000000e+00,0.000000000000000000e+00,0.000000000000000000e+00,0.000000000000000000e+00,0.000000000000000000e+00,0.000000000000000000e+00,0.000000000000000000e+00,0.000000000000000000e+00,0.000000000000000000e+00,0.000000000000000000e+00,0.000000000000000000e+00,0.000000000000000000e+00,0.000000000000000000e+00,0.000000000000000000e+00,0.000000000000000000e+00
-6.446043698815634180e-07,-6.446043698815634180e-07,-6.446043698815634180e-07,-6.446043698815634180e-07,-6.446043698815634180e-07,-6.446043698815634180e-07,-6.446043698815634180e-07,-6.446043698815634180e-07,-6.446043698815634180e-07,-6.446043698815634180e-07,-6.446043698815634180e-07,-6.446043698815634180e-07,-6.446043698815634180e-07,-6.446043698815634180e-07,-6.446043698815634180e-07,-6.446043698815634180e-07,-6.446043698815634180e-07,-6.446043698815634180e-07,-6.446043698815634180e-07,-6.446043698815634180e-07,-6.446043698815634180e-07,-6.446043698815634180e-07,-6.446043698815634180e-07
-5.209111350268361834e-03,-5.209111350268361834e-03,-5.209111350268361834e-03,-5.209111350268361834e-03,-5.209111350268361834e-03,-5.209111350268361834e-03,-5.209111350268361834e-03,-5.209111350268361834e-03,-5.209111350268361834e-03,-5.209111350268361834e-03,-5.209111350268361834e-03,-5.209111350268361834e-03,-5.209111350268361834e-03,-5.209111350268361834e-03,-5.209111350268361834e-03,-5.209111350268361834e-03,-5.209111350268361834e-03,-5.209111350268361834e-03,-5.209111350268361834e-03,-5.209111350268361834e-03,-5.209111350268361834e-03,-5.209111350268361834e-03,-5.209111350268361834e-03
-2.319107506991710879e-02,-2.319107506991710879e-02,-2.319107506991710879e-02,-2.319107506991710879e-02,-2.319107506991710879e-02,-2.319107506991710879e-02,-2.319107506991710879e-02,-2.319107506991710879e-02,-2.319107506991710879e-02,-2.319107506991710879e-02,-2.319107506991710879e-02,-2.319107506991710879e-02,-2.319107506991710879e-02,-2.319107506991710879e-02,-2.319107506991710879e-02,-2.319107506991710879e-02,-2.319107506991710879e-02,-2.319107506991710879e-02,-2.319107506991710879e-02,-2.319107506991710879e-02,-2.319107506991710879e-02,-2.319107506991710879e-02,-2.319107506991710879e-02
-1.642225925024830557e-01,-1.642225925024830557e-01,-1.642225925024830557e-01,-1.642225925024830557e-01,-1.642225925024830557e-01,-1.642225925024830557e-01,-1.642225925024830557e-01,-1.642225925024830557e-01,-1.642225925024830557e-01,-1.642225925024830557e-01,-1.642225925024830557e-01,-1.642225925024830557e-01,-1.642225925024830557e-01,-1.642225925024830557e-01,-1.642225925024830557e-01,-1.642225925024830557e-01,-1.642225925024830557e-01,-1.642225925024830557e-01,-1.642225925024830557e-01,-1.642225925024830557e-01,-1.642225925024830557e-01,-1.642225925024830557e-01,-1.642225925024830557e-01
-2.589316682133360140e-03,-2.589316682133360140e-03,-2.589316682133360140e-03,-2.589316682133360140e-03,-2.589316682133360140e-03,-2.589316682133360140e-03,-2.589316682133360140e-03,-2.589316682133360140e-03,-2.589316682133360140e-03,-2.589316682133360140e-03,-2.589316682133360140e-03,-2.589316682133360140e-03,-2.589316682133360140e-03,-2.589316682133360140e-03,-2.589316682133360140e-03,-2.589316682133360140e-03,-2.589316682133360140e-03,-2.589316682133360140e-03,-2.589316682133360140e-03,-2.589316682133360140e-03,-2.589316682133360140e-03,-2.589316682133360140e-03,-2.589316682133360140e-03
-7.600644388165548662e+03,-7.600644388165548662e+03,-7.600644388165548662e+03,-7.600644388165548662e+03,-7.600644388165548662e+03,-7.600644388165548662e+03,-7.600644388165548662e+03,-7.600644388165548662e+03,-7.600644388165548662e+03,-7.600644388165548662e+03,-7.600644388165548662e+03,-7.600644388165548662e+03,-7.600644388165548662e+03,-7.600644388165548662e+03,-7.600644388165548662e+03,-7.600644388165548662e+03,-7.600644388165548662e+03,-7.600644388165548662e+03,-7.600644388165548662e+03,-7.600644388165548662e+03,-7.600644388165548662e+03,-7.600644388165548662e+03,-7.600644388165548662e+03
-1.311254735448710335e+03,-1.311254735448710335e+03,-1.311254735448710335e+03,-1.311254735448710335e+03,-1.311254735448710335e+03,-1.311254735448710335e+03,-1.311254735448710335e+03,-1.311254735448710335e+03,-1.311254735448710335e+03,-1.311254735448710335e+03,-1.311254735448710335e+03,-1.311254735448710335e+03,-1.311254735448710335e+03,-1.311254735448710335e+03,-1.311254735448710335e+03,-1.311254735448710335e+03,-1.311254735448710335e+03,-1.311254735448710335e+03,-1.311254735448710335e+03,-1.311254735448710335e+03,-1.311254735448710335e+03,-1.311254735448710335e+03,-1.311254735448710335e+03
5.307245104363219434e+04,5.307245104363219434e+04,5.307245104363219434e+04,5.307245104363219434e+04,5.307245104363219434e+04,5.307245104363219434e+04,5.307245104363219434e+04,5.307245104363219434e+04,5.307245104363219434e+04,5.307245104363219434e+04,5.307245104363219434e+04,5.307245104363219434e+04,5.307245104363219434e+04,5.307245104363219434e+04,5.307245104363219434e+04,5.307245104363219434e+04,5.307245104363219434e+04,5.307245104363219434e+04,5.307245104363219434e+04,5.307245104363219434e+04,5.307245104363219434e+04,5.307245104363219434e+04,5.307245104363219434e+04
-1.230595844456201978e+07,-9.567364694562025368e+06,-6.828770944562029094e+06,-4.090177194562022574e+06,-1.351583444562015822e+06,5.904155543797749851e+04,5.904155543797749851e+04,5.904155543797749851e+04,5.904155543797749851e+04,5.904155543797749851e+04,5.904155543797749851e+04,5.904155543797749851e+04,5.904155543797749851e+04,5.904155543797749851e+04,5.904155543797749851e+04,5.904155543797749851e+04,5.904155543797749851e+04,5.904155543797749851e+04,5.904155543797749851e+04,5.904155543797749851e+04,5.904155543797749851e+04,5.904155543797749851e+04,5.904155543797749851e+04
-1.238496876523028687e+07,-1.019409376523029059e+07,-8.003218765230294317e+06,-5.812343765230288729e+06,-3.621468765230283607e+06,-1.868768765230288496e+06,-1.160687652303023060e+05,1.070312347697107907e+05,1.070312347697107907e+05,1.070312347697107907e+05,1.070312347697107907e+05,1.070312347697107907e+05,1.070312347697107907e+05,1.070312347697107907e+05,1.070312347697107907e+05,1.070312347697107907e+05,1.070312347697107907e+05,1.070312347697107907e+05,1.070312347697107907e+05,1.070312347697107907e+05,1.070312347697107907e+05,1.070312347697107907e+05,1.070312347697107907e+05
6.048798587574099191e+06,5.040996087574101053e+06,4.033193587574102916e+06,3.025391087574100122e+06,2.017588587574097794e+06,1.211346587574099889e+06,4.051045875741063501e+05,-6.552141242589971807e+04,-6.552141242589971807e+04,-6.552141242589971807e+04,-6.552141242589971807e+04,-6.552141242589971807e+04,-6.552141242589971807e+04,-6.552141242589971807e+04,-6.552141242589971807e+04,-6.552141242589971807e+04,-6.552141242589971807e+04,-6.552141242589971807e+04,-6.552141242589971807e+04,-6.552141242589971807e+04,-6.552141242589971807e+04,-6.552141242589971807e+04,-6.552141242589971807e+04
4.001586417835592292e+05,3.344323917835593456e+05,2.687061417835594621e+05,2.029798917835592874e+05,1.372536417835591128e+05,8.467264178355925833e+04,3.209164178355968033e+04,-4.601358216440711658e+03,-4.601358216440711658e+03,-4.601358216440711658e+03,-4.601358216440711658e+03,-4.601358216440711658e+03,-4.601358216440711658e+03,-4.601358216440711658e+03,-4.601358216440711658e+03,-4.601358216440711658e+03,-4.601358216440711658e+03,-4.601358216440711658e+03,-4.601358216440711658e+03,-4.601358216440711658e+03,-4.601358216440711658e+03,-4.601358216440711658e+03,-4.601358216440711658e+03
1.251215289876148803e+06,1.048559352376149036e+06,8.459034148761493852e+05,6.432474773761489196e+05,4.405915398761483957e+05,2.784667898761488032e+05,1.163420398761500983e+05,-1.529471012385111680e+04,-1.529471012385111680e+04,-1.529471012385111680e+04,-1.529471012385111680e+04,-1.529471012385111680e+04,-1.529471012385111680e+04,-1.529471012385111680e+04,-1.529471012385111680e+04,-1.529471012385111680e+04,-1.529471012385111680e+04,-1.529471012385111680e+04,-1.529471012385111680e+04,-1.529471012385111680e+04,-1.529471012385111680e+04,-1.529471012385111680e+04,-1.529471012385111680e+04
-3.033967324764813110e+07,-2.549236231014813855e+07,-2.064505137264814600e+07,-1.579774043514813296e+07,-1.095042949764812179e+07,-7.072580747648132034e+06,-3.194731997648163233e+06,3.963767523518659291e+05,3.963767523518659291e+05,3.963767523518659291e+05,3.963767523518659291e+05,3.963767523518659291e+05,3.963767523518659291e+05,3.963767523518659291e+05,3.963767523518659291e+05,3.963767523518659291e+05,3.963767523518659291e+05,3.963767523518659291e+05,3.963767523518659291e+05,3.963767523518659291e+05,3.963767523518659291e+05,3.963767523518659291e+05,3.963767523518659291e+05
8.592959074962427840e+06,7.272956887462429702e+06,5.952954699962432496e+06,4.632952512462428771e+06,3.312950324962425977e+06,2.256948574962428771e+06,1.200946824962436920e+06,1.449450749624343298e+05,-1.384709250375709380e+05,-1.384709250375709380e+05,-1.384709250375709380e+05,-1.384709250375709380e+05,-1.384709250375709380e+05,-1.384709250375709380e+05,-1.384709250375709380e+05,-1.384709250375709380e+05,-1.384709250375709380e+05,-1.384709250375709380e+05,-1.384709250375709380e+05,-1.384709250375709380e+05,-1.384709250375709380e+05,-1.384709250375709380e+05,-1.384709250375709380e+05
-1.173401413737190515e+07,-9.953928199871908873e+06,-8.173842262371911667e+06,-6.393756324871907011e+06,-4.613670387371903285e+06,-3.189601637371906545e+06,-1.765532887371917954e+06,-3.414641373719143448e+05,2.032358626280927856e+05,2.032358626280927856e+05,2.032358626280927856e+05,2.032358626280927856e+05,2.032358626280927856e+05,2.032358626280927856e+05,2.032358626280927856e+05,2.032358626280927856e+05,2.032358626280927856e+05,2.032358626280927856e+05,2.032358626280927856e+05,2.032358626280927856e+05,2.032358626280927856e+05,2.032358626280927856e+05,2.032358626280927856e+05
-9.458845842741349339e+07,-8.041349717741350830e+07,-6.623853592741353810e+07,-5.206357467741350085e+07,-3.788861342741347104e+07,-2.654864442741349712e+07,-1.520867542741359025e+07,-3.868706427413560450e+06,1.762781572586495895e+06,1.762781572586495895e+06,1.762781572586495895e+06,1.762781572586495895e+06,1.762781572586495895e+06,1.762781572586495895e+06,1.762781572586495895e+06,1.762781572586495895e+06,1.762781572586495895e+06,1.762781572586495895e+06,1.762781572586495895e+06,1.762781572586495895e+06,1.762781572586495895e+06,1.762781572586495895e+06,1.762781572586495895e+06
-5.525932059173332900e+07,-4.707640246673334390e+07,-3.889348434173335880e+07,-3.071056621673333645e+07,-2.252764809173331410e+07,-1.598131359173333272e+07,-9.434979091733384877e+06,-2.888644591733368579e+06,3.845226582666398026e+05,1.109299408266664250e+06,1.109299408266664250e+06,1.109299408266664250e+06,1.109299408266664250e+06,1.109299408266664250e+06,1.109299408266664250e+06,1.109299408266664250e+06,1.109299408266664250e+06,1.109299408266664250e+06,1.109299408266664250e+06,1.109299408266664250e+06,1.109299408266664250e+06,1.109299408266664250e+06,1.109299408266664250e+06
1.176989056586729735e+07,1.006648525336729921e+07,8.363079940867302939e+06,6.659674628367298283e+06,4.956269315867293626e+06,3.593545065867297817e+06,2.230820815867308527e+06,8.680965658673051512e+05,1.867344408673034341e+05,-2.751394341327016591e+05,-2.751394341327016591e+05,-2.751394341327016591e+05,-2.751394341327016591e+05,-2.751394341327016591e+05,-2.751394341327016591e+05,-2.751394341327016591e+05,-2.751394341327016591e+05,-2.751394341327016591e+05,-2.751394341327016591e+05,-2.751394341327016591e+05,-2.751394341327016591e+05,-2.751394341327016591e+05,-2.751394341327016591e+05
2.716675981102227233e+06,2.327795668602227699e+06,1.938915356102228630e+06,1.550035043602227699e+06,1.161154731102226535e+06,8.500504811022274662e+05,5.389462311022299109e+05,2.278419811022291542e+05,7.228985610222873220e+04,-6.865401889777243196e+04,-6.865401889777243196e+04,-6.865401889777243196e+04,-6.865401889777243196e+04,-6.865401889777243196e+04,-6.865401889777243196e+04,-6.865401889777243196e+04,-6.865401889777243196e+04,-6.865401889777243196e+04,-6.865401889777243196e+04,-6.865401889777243196e+04,-6.865401889777243196e+04,-6.865401889777243196e+04,-6.865401889777243196e+04
1.370940446343126893e+08,1.176774149468127340e+08,9.826078525931276381e+07,7.884415557181271911e+07,5.942752588431267440e+07,4.389422213431271166e+07,2.836091838431283832e+07,1.282761463431279920e+07,5.060962759312778711e+06,-2.705689115687240846e+06,-3.748805365687279496e+06,-3.748805365687279496e+06,-3.748805365687279496e+06,-3.748805365687279496e+06,-3.748805365687279496e+06,-3.748805365687279496e+06,-3.748805365687279496e+06,-3.748805365687279496e+06,-3.748805365687279496e+06,-3.748805365687279496e+06,-3.748805365687279496e+06,-3.748805365687279496e+06,-3.748805365687279496e+06
1.465196822380780987e+07,1.259802291130781360e+07,1.054407759880781732e+07,8.490132286307811737e+06,6.436186973807807080e+06,4.793030723807811737e+06,3.149874473807824776e+06,1.506718223807820585e+06,6.851400988078184891e+05,-1.364380261921834317e+05,-4.342817761921875062e+05,-4.342817761921875062e+05,-4.342817761921875062e+05,-4.342817761921875062e+05,-4.342817761921875062e+05,-4.342817761921875062e+05,-4.342817761921875062e+05,-4.342817761921875062e+05,-4.342817761921875062e+05,-4.342817761921875062e+05,-4.342817761921875062e+05,-4.342817761921875062e+05,-4.342817761921875062e+05
-7.655465139660565183e+06,-6.592890764660567045e+06,-5.530316389660568908e+06,-4.467742014660566114e+06,-3.405167639660563786e+06,-2.555108139660566114e+06,-1.705048639660572866e+06,-8.549891396605706541e+05,-4.299593896605696063e+05,-4.929639660568550426e+03,2.461548603394335660e+05,2.461548603394335660e+05,2.461548603394335660e+05,2.461548603394335660e+05,2.461548603394335660e+05,2.461548603394335660e+05,2.461548603394335660e+05,2.461548603394335660e+05,2.461548603394335660e+05,2.461548603394335660e+05,2.461548603394335660e+05,2.461548603394335660e+05,2.461548603394335660e+05
-4.302626145526308566e+06,-3.711089895526309498e+06,-3.119553645526310429e+06,-2.528017395526308566e+06,-1.936481145526307169e+06,-1.463252145526308334e+06,-9.900231455263120588e+05,-5.167941455263108946e+05,-2.801796455263103708e+05,-4.356514552630976686e+04,1.502138544736914046e+05,1.502138544736914046e+05,1.502138544736914046e+05,1.502138544736914046e+05,1.502138544736914046e+05,1.502138544736914046e+05,1.502138544736914046e+05,1.502138544736914046e+05,1.502138544736914046e+05,1.502138544736914046e+05,1.502138544736914046e+05,1.502138544736914046e+05,1.502138544736914046e+05
9.367571076740106568e+06,8.091386389240109362e+06,6.815201701740112156e+06,5.539017014240109362e+06,4.262832326740105636e+06,3.241884576740108896e+06,2.220936826740116812e+06,1.199989076740114018e+06,6.895152017401128542e+05,1.790413267401115736e+05,-3.314325482598897070e+05,-3.555189232598909875e+05,-3.555189232598909875e+05,-3.555189232598909875e+05,-3.555189232598909875e+05,-3.555189232598909875e+05,-3.555189232598909875e+05,-3.555189232598909875e+05,-3.555189232598909875e+05,-3.555189232598909875e+05,-3.555189232598909875e+05,-3.555189232598909875e+05,-3.555189232598909875e+05
4.339504095281908289e+06,3.753445032781909220e+06,3.167385970281910151e+06,2.581326907781908754e+06,1.995267845281907357e+06,1.526420595281908521e+06,1.057573345281912480e+06,5.887260952819111990e+05,3.543024702819106751e+05,1.198788452819100348e+05,-1.145447797180905472e+05,-1.791059047180911293e+05,-1.791059047180911293e+05,-1.791059047180911293e+05,-1.791059047180911293e+05,-1.791059047180911293e+05,-1.791059047180911293e+05,-1.791059047180911293e+05,-1.791059047180911293e+05,-1.791059047180911293e+05,-1.791059047180911293e+05,-1.791059047180911293e+05,-1.791059047180911293e+05
-4.457433535009471700e+06,-3.860420097509472165e+06,-3.263406660009473562e+06,-2.666393222509471700e+06,-2.069379785009470070e+06,-1.591769035009471467e+06,-1.114158285009475192e+06,-6.365475350094739115e+05,-3.977421600094733876e+05,-1.589367850094727764e+05,7.986858999052782019e+04,2.001364649905284168e+05,2.001364649905284168e+05,2.001364649905284168e+05,2.001364649905284168e+05,2.001364649905284168e+05,2.001364649905284168e+05,2.001364649905284168e+05,2.001364649905284168e+05,2.001364649905284168e+05,2.001364649905284168e+05,2.001364649905284168e+05,2.001364649905284168e+05
4.121640092669347068e+05,3.573921342669348232e+05,3.026202592669348815e+05,2.478483842669347941e+05,1.930765092669346777e+05,1.492590092669347941e+05,1.054415092669351288e+05,6.162400926693501970e+04,3.971525926693496149e+04,1.780650926693491056e+04,-4.102240733065144923e+03,-2.013599073306519858e+04,-2.013599073306519858e+04,-2.013599073306519858e+04,-2.013599073306519858e+04,-2.013599073306519858e+04,-2.013599073306519858e+04,-2.013599073306519858e+04,-2.013599073306519858e+04,-2.013599073306519858e+04,-2.013599073306519858e+04,-2.013599073306519858e+04,-2.013599073306519858e+04
-3.072669460754162166e+06,-2.667357585754163098e+06,-2.262045710754163563e+06,-1.856733835754162865e+06,-1.451421960754161933e+06,-1.127172460754162632e+06,-8.029229607541653095e+05,-4.786734607541644946e+05,-3.165487107541640871e+05,-1.544239607541636506e+05,7.700789245836765986e+03,1.633505392458371643e+05,1.633505392458371643e+05,1.633505392458371643e+05,1.633505392458371643e+05,1.633505392458371643e+05,1.633505392458371643e+05,1.633505392458371643e+05,1.633505392458371643e+05,1.633505392458371643e+05,1.633505392458371643e+05,1.633505392458371643e+05,1.633505392458371643e+05
5.142787359152038582e+06,4.469093296652040444e+06,3.795399234152041376e+06,3.121705171652039513e+06,2.448011109152037650e+06,1.909055859152039280e+06,1.370100609152043704e+06,8.311453591520424234e+05,5.616677341520417249e+05,2.921901091520410846e+05,2.271248415204040066e+04,-2.467651408479602833e+05,-2.975026408479602542e+05,-2.975026408479602542e+05,-2.975026408479602542e+05,-2.975026408479602542e+05,-2.975026408479602542e+05,-2.975026408479602542e+05,-2.975026408479602542e+05,-2.975026408479602542e+05,-2.975026408479602542e+05,-2.975026408479602542e+05,-2.975026408479602542e+05
-4.064920994097234309e+07,-3.535824681597235054e+07,-3.006728369097235799e+07,-2.477632056597234681e+07,-1.948535744097233191e+07,-1.525258694097234309e+07,-1.101981644097237475e+07,-6.787045940972364508e+06,-4.670660690972359851e+06,-2.554275440972354729e+06,-4.378901909723493154e+05,1.678495059027655981e+06,2.559970059027655981e+06,2.559970059027655981e+06,2.559970059027655981e+06,2.559970059027655981e+06,2.559970059027655981e+06,2.559970059027655981e+06,2.559970059027655981e+06,2.559970059027655981e+06,2.559970059027655981e+06,2.559970059027655981e+06,2.559970059027655981e+06
-1.904572054451228119e+06,-1.658098616951228585e+06,-1.411625179451229051e+06,-1.165151741951228352e+06,-9.186783044512277702e+05,-7.214995544512282358e+05,-5.243208044512298657e+05,-3.271420544512294000e+05,-2.285526794512291672e+05,-1.299633044512289052e+05,-3.137392945122865422e+04,6.721544554877158953e+04,1.307779455487715895e+05,1.307779455487715895e+05,1.307779455487715895e+05,1.307779455487715895e+05,1.307779455487715895e+05,1.307779455487715895e+05,1.307779455487715895e+05,1.307779455487715895e+05,1.307779455487715895e+05,1.307779455487715895e+05,1.307779455487715895e+05
1.038168599577004835e+07,9.045252245770050213e+06,7.708818495770053007e+06,6.372384745770049281e+06,5.035950995770046487e+06,3.966803995770049747e+06,2.897656995770058129e+06,1.828509995770055335e+06,1.293936495770053938e+06,7.593629957700526575e+05,2.247894957700512605e+05,-3.097840042299500783e+05,-7.764340042299500201e+05,-7.764340042299500201e+05,-7.764340042299500201e+05,-7.764340042299500201e+05,-7.764340042299500201e+05,-7.764340042299500201e+05,-7.764340042299500201e+05,-7.764340042299500201e+05,-7.764340042299500201e+05,-7.764340042299500201e+05,-7.764340042299500201e+05
-4.086105478768339708e+03,-4.086105478768339708e+03,-4.086105478768339708e+03,-4.086105478768339708e+03,-4.086105478768339708e+03,-4.086105478768339708e+03,-4.086105478768339708e+03,-4.086105478768339708e+03,-4.086105478768339708e+03,-4.086105478768339708e+03,-4.086105478768339708e+03,-4.086105478768339708e+03,-4.086105478768339708e+03,-4.086105478768339708e+03,-4.086105478768339708e+03,-4.086105478768339708e+03,-4.086105478768339708e+03,-4.086105478768339708e+03,-4.086105478768339708e+03,-4.086105478768339708e+03,-4.086105478768339708e+03,-4.086105478768339708e+03,-4.086105478768339708e+03
-3.988967630219661078e+04,-3.988967630219661078e+04,-3.988967630219661078e+04,-3.988967630219661078e+04,-3.988967630219661078e+04,-3.988967630219661078e+04,-3.988967630219661078e+04,-3.988967630219661078e+04,-3.988967630219661078e+04,-3.988967630219661078e+04,-3.988967630219661078e+04,-3.988967630219661078e+04,-3.988967630219661078e+04,-3.988967630219661078e+04,-3.988967630219661078e+04,-3.988967630219661078e+04,-3.988967630219661078e+04,-3.988967630219661078e+04,-3.988967630219661078e+04,-3.988967630219661078e+04,-3.988967630219661078e+04,-3.988967630219661078e+04,-3.988967630219661078e+04
1.088697044906878844e+07,9.243889199068792164e+06,7.600807949068789370e+06,5.957726699068787508e+06,4.314645449068784714e+06,3.000180449068787042e+06,1.685715449068788905e+06,3.712504490687843063e+05,-2.844295509312087088e+05,-2.844295509312087088e+05,-2.844295509312087088e+05,-2.844295509312087088e+05,-2.844295509312087088e+05,-2.844295509312087088e+05,-2.844295509312087088e+05,-2.844295509312087088e+05,-2.844295509312087088e+05,-2.844295509312087088e+05,-2.844295509312087088e+05,-2.844295509312087088e+05,-2.844295509312087088e+05,-2.844295509312087088e+05,-2.844295509312087088e+05
4.175061419433929957e+06,3.627367669433931354e+06,3.079673919433930889e+06,2.531980169433929492e+06,1.984286419433928793e+06,1.546131419433929492e+06,1.107976419433930190e+06,6.698214194339285605e+05,4.507439194339301903e+05,2.316664194339316746e+05,1.258891943392860958e+04,-2.064885805660698970e+05,-2.987385805660689948e+05,-2.987385805660689948e+05,-2.987385805660689948e+05,-2.987385805660689948e+05,-2.987385805660689948e+05,-2.987385805660689948e+05,-2.987385805660689948e+05,-2.987385805660689948e+05,-2.987385805660689948e+05,-2.987385805660689948e+05,-2.987385805660689948e+05
-7.682523331754963181e+01,-7.682523331754963181e+01,-7.682523331754963181e+01,-7.682523331754963181e+01,-7.682523331754963181e+01,-7.682523331754963181e+01,-7.682523331754963181e+01,-7.682523331754963181e+01,-7.682523331754963181e+01,-7.682523331754963181e+01,-7.682523331754963181e+01,-7.682523331754963181e+01,-7.682523331754963181e+01,-7.682523331754963181e+01,-7.682523331754963181e+01,-7.682523331754963181e+01,-7.682523331754963181e+01,-7.682523331754963181e+01,-7.682523331754963181e+01,-7.682523331754963181e+01,-7.682523331754963181e+01,-7.682523331754963181e+01,-7.682523331754963181e+01
-1.528090880141459820e+04,-1.528090880141459820e+04,-1.528090880141459820e+04,-1.528090880141459820e+04,-1.528090880141459820e+04,-1.528090880141459820e+04,-1.528090880141459820e+04,-1.528090880141459820e+04,-1.528090880141459820e+04,-1.528090880141459820e+04,-1.528090880141459820e+04,-1.528090880141459820e+04,-1.528090880141459820e+04,-1.528090880141459820e+04,-1.528090880141459820e+04,-1.528090880141459820e+04,-1.528090880141459820e+04,-1.528090880141459820e+04,-1.528090880141459820e+04,-1.528090880141459820e+04,-1.528090880141459820e+04,-1.528090880141459820e+04,-1.528090880141459820e+04
2.367056111433604747e+04,2.367056111433604747e+04,2.367056111433604747e+04,2.367056111433604747e+04,2.367056111433604747e+04,2.367056111433604747e+04,2.367056111433604747e+04,2.367056111433604747e+04,2.367056111433604747e+04,2.367056111433604747e+04,2.367056111433604747e+04,2.367056111433604747e+04,2.367056111433604747e+04,2.367056111433604747e+04,2.367056111433604747e+04,2.367056111433604747e+04,2.367056111433604747e+04,2.367056111433604747e+04,2.367056111433604747e+04,2.367056111433604747e+04,2.367056111433604747e+04,2.367056111433604747e+04,2.367056111433604747e+04
1.788220632527099951e+01,1.788220632527099951e+01,1.788220632527099951e+01,1.788220632527099951e+01,1.788220632527099951e+01,1.788220632527099951e+01,1.788220632527099951e+01,1.788220632527099951e+01,1.788220632527099951e+01,1.788220632527099951e+01,1.788220632527099951e+01,1.788220632527099951e+01,1.788220632527099951e+01,1.788220632527099951e+01,1.788220632527099951e+01,1.788220632527099951e+01,1.788220632527099951e+01,1.788220632527099951e+01,1.788220632527099951e+01,1.788220632527099951e+01,1.788220632527099951e+01,1.788220632527099951e+01,1.788220632527099951e+01
2.243904492004280016e+01,2.243904492004280016e+01,2.243904492004280016e+01,2.243904492004280016e+01,2.243904492004280016e+01,2.243904492004280016e+01,2.243904492004280016e+01,2.243904492004280016e+01,2.243904492004280016e+01,2.243904492004280016e+01,2.243904492004280016e+01,2.243904492004280016e+01,2.243904492004280016e+01,2.243904492004280016e+01,2.243904492004280016e+01,2.243904492004280016e+01,2.243904492004280016e+01,2.243904492004280016e+01,2.243904492004280016e+01,2.243904492004280016e+01,2.243904492004280016e+01,2.243904492004280016e+01,2.243904492004280016e+01
1.117711922327549473e+04,1.117711922327549473e+04,1.117711922327549473e+04,1.117711922327549473e+04,1.117711922327549473e+04,1.117711922327549473e+04,1.117711922327549473e+04,1.117711922327549473e+04,1.117711922327549473e+04,1.117711922327549473e+04,1.117711922327549473e+04,1.117711922327549473e+04,1.117711922327549473e+04,1.117711922327549473e+04,1.117711922327549473e+04,1.117711922327549473e+04,1.117711922327549473e+04,1.117711922327549473e+04,1.117711922327549473e+04,1.117711922327549473e+04,1.117711922327549473e+04,1.117711922327549473e+04,1.117711922327549473e+04
9.367550538842493552e+03,9.367550538842493552e+03,9.367550538842493552e+03,9.367550538842493552e+03,9.367550538842493552e+03,9.367550538842493552e+03,9.367550538842493552e+03,9.367550538842493552e+03,9.367550538842493552e+03,9.367550538842493552e+03,9.367550538842493552e+03,9.367550538842493552e+03,9.367550538842493552e+03,9.367550538842493552e+03,9.367550538842493552e+03,9.367550538842493552e+03,9.367550538842493552e+03,9.367550538842493552e+03,9.367550538842493552e+03,9.367550538842493552e+03,9.367550538842493552e+03,9.367550538842493552e+03,9.367550538842493552e+03
4.855684318482832896e+04,4.855684318482832896e+04,4.855684318482832896e+04,4.855684318482832896e+04,4.855684318482832896e+04,4.855684318482832896e+04,4.855684318482832896e+04,4.855684318482832896e+04,4.855684318482832896e+04,4.855684318482832896e+04,4.855684318482832896e+04,4.855684318482832896e+04,4.855684318482832896e+04,4.855684318482832896e+04,4.855684318482832896e+04,4.855684318482832896e+04,4.855684318482832896e+04,4.855684318482832896e+04,4.855684318482832896e+04,4.855684318482832896e+04,4.855684318482832896e+04,4.855684318482832896e+04,4.855684318482832896e+04
-2.005778215517762303e+07,-8.501663821844365448e+06,4.964311781562549295e+05,4.964311781562549295e+05,4.964311781562549295e+05,4.964311781562549295e+05,4.964311781562549295e+05,4.964311781562549295e+05,4.964311781562549295e+05,4.964311781562549295e+05,4.964311781562549295e+05,4.964311781562549295e+05,4.964311781562549295e+05,4.964311781562549295e+05,4.964311781562549295e+05,4.964311781562549295e+05,4.964311781562549295e+05,4.964311781562549295e+05,4.964311781562549295e+05,4.964311781562549295e+05,4.964311781562549295e+05,4.964311781562549295e+05,4.964311781562549295e+05
5.914664439490022510e+07,6.103345862213642895e+07,6.292081066819563508e+07,6.480867711502490193e+07,6.669703617803660035e+07,6.820806442027471960e+07,6.971938514253233373e+07,7.123098908136647940e+07,7.198689449240987003e+07,7.274286744624373317e+07,7.349890691251979768e+07,7.425501188647536933e+07,7.501118138805449009e+07,7.576741446106745303e+07,7.652371017238673568e+07,7.728006761117754877e+07,7.879296413490776718e+07,8.030609716419602931e+07,8.181946014359597862e+07,8.371147772133347392e+07,8.560383320012712479e+07,8.749651557060419023e+07,8.938951439979267120e+07
-1.198713969533007964e+07,-1.278803032912031561e+07,-1.360688787566151284e+07,-1.444304115393698774e+07,-1.529584480761563964e+07,-1.598965844824459963e+07,-1.669342482980625890e+07,-1.740684762729882076e+07,-1.776709020586811379e+07,-1.812964009170130268e+07,-1.849446289529126883e+07,-1.886152479324901849e+07,-1.923079252004846558e+07,-1.960223335974708200e+07,-1.997581513769674301e+07,-2.035150621225785092e+07,-2.110909230009974167e+07,-2.187474883675766364e+07,-2.264824103801821917e+07,-2.362578002763811499e+07,-2.461478098987084627e+07,-2.561483439977461845e+07,-2.662554752003328502e+07
2.088892806222923973e+05,2.938692323652091436e+05,4.008498518520494108e+05,5.322010828284126474e+05,6.898675500980627257e+05,8.359337760738864308e+05,1.000259843628120725e+06,1.183102632892086869e+06,1.281486561368667288e+06,1.384495146293511149e+06,1.492099577722351300e+06,1.604258950081676478e+06,1.720920956033270108e+06,1.842022637456051074e+06,1.967491181267374428e+06,2.097244748220349196e+06,2.369239577709402889e+06,2.657204406551052816e+06,2.960246854293696582e+06,3.358792940889114048e+06,3.777456496079192497e+06,4.214263833345162682e+06,4.667268642099814489e+06
-2.338291293112076801e+03,1.851765421153931356e+03,1.206357404536440845e+04,3.401209524680425238e+04,7.611791644801427901e+04,1.314274239441175596e+05,2.123491598141180293e+05,3.244655511474667001e+05,3.936970534705340979e+05,4.723097869531926699e+05,5.606089459953744663e+05,6.587734505225074245e+05,7.668527366980373627e+05,8.847686630121524213e+05,1.012322164022584213e+06,1.149204014561061515e+06,1.449251625190763036e+06,1.780818193469000980e+06,2.139102961163684260e+06,2.616973133773660287e+06,3.119770035288495012e+06,3.639847466739037540e+06,4.171292995844081976e+06
2.518874162909968163e+03,2.518847189885513217e+03,2.517669564072135927e+03,2.489550724174469451e+03,2.102211230825853363e+03,6.621400332527227306e+01,-8.375077434533151973e+03,-3.501384298824930738e+04,-6.137232045861722145e+04,-1.006322700161719258e+05,-1.559983767924053536e+05,-2.302015139458787162e+05,-3.250834922365539824e+05,-4.413121149326117593e+05,-5.782990165656862082e+05,-7.343340970971350325e+05,-1.093011014143917477e+06,-1.494181034982148092e+06,-1.917807916445322102e+06,-2.460279772675489541e+06,-3.007176432842070237e+06,-3.555025238991625141e+06,-4.103033828144129831e+06
3.150841555065539978e+03,3.150841555065539978e+03,3.150841555065539978e+03,3.150841555065134344e+03,3.150841535806345291e+03,3.150821365765652899e+03,3.145381343143739286e+03,2.724061596659588304e+03,6.904621975669300582e+02,-7.756481699286723597e+03,-3.474247601164677326e+04,-1.022255106049050228e+05,-2.370841846032686881e+05,-4.579593736940029194e+05,-7.637082899603189435e+05,-1.134629157851714408e+06,-1.973465305300902110e+06,-2.846975328589511104e+06,-3.723693299570009578e+06,-4.819755414177057333e+06,-5.915819991782623343e+06,-7.011884575111676008e+06,-8.107949158445003442e+06
-4.702676349540624301e+02,-4.702676349540624301e+02,-4.702676349540624301e+02,-4.702676349540624301e+02,-4.702676349540624301e+02,-4.702676349540624301e+02,-4.702676349540624301e+02,-4.702676349540624301e+02,-4.702676349540624301e+02,-4.702676349540624301e+02,-4.702676349540624301e+02,-4.702676349540624301e+02,-4.702676349540624301e+02,-4.702676349540624301e+02,-4.595916726019666498e+02,1.184676399031924317e+06,4.692083065698645078e+06,8.199489732365328819e+06,1.170689639903201349e+07,1.609115473236532323e+07,2.047541306569866836e+07,2.485967139903201163e+07,2.924392973236532137e+07
-2.222891692464299962e-01,-2.222891692464299962e-01,-2.222891692464299962e-01,-2.222891692464299962e-01,-2.222891692464299962e-01,-2.222891692464299962e-01,-2.222891692464299962e-01,-2.222891692464299962e-01,-2.222891692464299962e-01,-2.222891692464299962e-01,-2.222891692464299962e-01,-2.222891692464299962e-01,-2.222891692464299962e-01,-2.222891692464299962e-01,-2.222891692464299962e-01,-2.222891692464299962e-01,4.731381110442304634e+05,1.349989777710901573e+06,2.226841444377572741e+06,3.322906027710899711e+06,4.418970611044236459e+06,5.515035194377573207e+06,6.611099777710900642e+06
-1.081299365058325038e-02,-1.081299365058325038e-02,-1.081299365058325038e-02,-1.081299365058325038e-02,-1.081299365058325038e-02,-1.081299365058325038e-02,-1.081299365058325038e-02,-1.081299365058325038e-02,-1.081299365058325038e-02,-1.081299365058325038e-02,-1.081299365058325038e-02,-1.081299365058325038e-02,-1.081299365058325038e-02,-1.081299365058325038e-02,-1.081299365058325038e-02,-1.081299365058325038e-02,1.119867058537002304e+05,4.714958891870353837e+05,8.310050725203704787e+05,1.280391551687034778e+06,1.729778030853702687e+06,2.179164510020370595e+06,2.628550989187034778e+06
-1.382234729161546718e-06,-1.382234729161546718e-06,-1.382234729161546718e-06,-1.382234729161546718e-06,-1.382234729161546718e-06,-1.382234729161546718e-06,-1.382234729161546718e-06,-1.382234729161546718e-06,-1.382234729161546718e-06,-1.382234729161546718e-06,-1.382234729161546718e-06,-1.382234729161546718e-06,-1.382234729161546718e-06,-1.382234729161546718e-06,-1.382234729161546718e-06,-1.382234729161546718e-06,-1.382234729161546718e-06,4.129881999987012241e+05,1.447673166665372904e+06,2.741029374998699408e+06,4.034385583332036156e+06,5.327741791665373370e+06,6.621097999998699874e+06
-2.029407331027062110e-10,-2.029407331027062110e-10,-2.029407331027062110e-10,-2.029407331027062110e-10,-2.029407331027062110e-10,-2.029407331027062110e-10,-2.029407331027062110e-10,-2.029407331027062110e-10,-2.029407331027062110e-10,-2.029407331027062110e-10,-2.029407331027062110e-10,-2.029407331027062110e-10,-2.029407331027062110e-10,-2.029407331027062110e-10,-2.029407331027062110e-10,-2.029407331027062110e-10,-2.029407331027062110e-10,-2.029407331027062110e-10,2.180525000000222935e+05,5.468718750000206055e+05,8.756912500000215368e+05,1.204510625000022352e+06,1.533330000000020722e+06
-1.711187813218834141e-12,-1.711187813218834141e-12,-1.711187813218834141e-12,-1.711187813218834141e-12,-1.711187813218834141e-12,-1.711187813218834141e-12,-1.711187813218834141e-12,-1.711187813218834141e-12,-1.711187813218834141e-12,-1.711187813218834141e-12,-1.711187813218834141e-12,-1.711187813218834141e-12,-1.711187813218834141e-12,-1.711187813218834141e-12,-1.711187813218834141e-12,-1.711187813218834141e-12,-1.711187813218834141e-12,-1.711187813218834141e-12,2.427205833334136289e+06,1.415509687500073947e+07,2.588298791666743904e+07,3.761087895833414048e+07,4.933877000000074506e+07
-1.680072202336389913e-23,-1.680072202336389913e-23,-1.680072202336389913e-23,-1.680072202336389913e-23,-1.680072202336389913e-23,-1.680072202336389913e-23,-1.680072202336389913e-23,-1.680072202336389913e-23,-1.680072202336389913e-23,-1.680072202336389913e-23,-1.680072202336389913e-23,-1.680072202336389913e-23,-1.680072202336389913e-23,-1.680072202336389913e-23,-1.680072202336389913e-23,-1.680072202336389913e-23,-1.680072202336389913e-23,-1.680072202336389913e-23,-1.680072202336389913e-23,8.072656250001728040e+03,3.547427083333514020e+04,6.287588541666854871e+04,9.027750000000173168e+04
-4.901644947345241904e+06,-5.667437459557854570e+06,-6.497611271385649219e+06,-7.391782533792661503e+06,-8.349220011239731684e+06,-9.160033677057322115e+06,-1.001002345347232185e+07,-1.089843854932432808e+07,-1.135679801253460534e+07,-1.182444544907402433e+07,-1.230126574237244390e+07,-1.278714009301251359e+07,-1.328194636254923791e+07,-1.378555940567207895e+07,-1.429785139042363502e+07,-1.481869210626625270e+07,-1.588548875847135112e+07,-1.698487103675755486e+07,-1.811574020305125788e+07,-1.957191122045649216e+07,-2.107336161667625979e+07,-2.261791391467284784e+07,-2.420341096051247045e+07
3.172450074979292229e+06,4.089319428053336218e+06,5.170465863024783321e+06,6.425024049584780820e+06,7.859752522246785462e+06,9.140236094972401857e+06,1.053992154933517240e+07,1.205894143905511126e+07,1.286299549683412351e+07,1.369652920028629899e+07,1.455931799768855423e+07,1.545109073471692204e+07,1.637153244347351044e+07,1.732028721733208373e+07,1.829696114477720112e+07,1.930112527711035311e+07,2.139005103442105278e+07,2.358304490412822366e+07,2.587571454850849882e+07,2.887457669157409668e+07,3.201230897779284045e+07,3.527909893162679672e+07,3.866507506712198257e+07
-4.969879799995362409e+05,-8.283561980631304905e+05,-1.302931207366131013e+06,-1.954673774451249512e+06,-2.816384500422269572e+06,-3.676745224680759013e+06,-4.702717190542562865e+06,-5.903837212495147251e+06,-6.572180113098348491e+06,-7.286411567833994515e+06,-8.046790520051428117e+06,-8.853366001974128187e+06,-9.705982755764937028e+06,-1.060428930629330501e+07,-1.154774819322108850e+07,-1.253564804557451047e+07,-1.464113830371410772e+07,-1.691213396462221071e+07,-1.933818973467525467e+07,-2.257083610394327343e+07,-2.600278420909689739e+07,-2.960887730052065477e+07,-3.336450411644733325e+07
-1.259895679630891027e+04,-1.252679256629983502e+04,-1.193043504855838000e+04,-8.314140921163887469e+03,8.223259871900429061e+03,4.922347600498751854e+04,1.466927517274630081e+05,3.482828294925642549e+05,5.070721750625228742e+05,7.154888239276761888e+05,9.814342199637639569e+05,1.311873793883684790e+06,1.712306206168655772e+06,2.186341561031487770e+06,2.735442643509391695e+06,3.358858602523010224e+06,4.815489956109134480e+06,6.514542979509049095e+06,8.399858888115257025e+06,1.093290371673276275e+07,1.357975538971122354e+07,1.628221217100928910e+07,1.900857635315500945e+07
3.280432982882165334e+02,3.280432982882165334e+02,3.280432982882165334e+02,3.280432982882165334e+02,3.280432982882165334e+02,3.280432982882165334e+02,3.280432982882165334e+02,3.280432982882165334e+02,3.280432982882165334e+02,3.280432982882165334e+02,3.280432982882165334e+02,3.280432982882165334e+02,3.280432982882165334e+02,3.280432982882165334e+02,3.280432982882165334e+02,3.280432982882165334e+02,3.280432982882165334e+02,-8.631719567019155947e+05,-3.055088623368572444e+06,-5.794984456701916642e+06,-8.534880290035238490e+06,-1.127477612336858176e+07,-1.401467195670192689e+07
1.373579527902848721e+08,1.417053897189094126e+08,1.460534238149868250e+08,1.504020290506237745e+08,1.547511812195340097e+08,1.582308815361535847e+08,1.617109065698354542e+08,1.651912460335638821e+08,1.669315306070582271e+08,1.686718901670305729e+08,1.704123235696793795e+08,1.721528296996854842e+08,1.738934074692299962e+08,1.756340558170560002e+08,1.773747737075707614e+08,1.791155601299867332e+08,1.825973346464975178e+08,1.860793717459906340e+08,1.895616641555729806e+08,1.939148781434987783e+08,1.982684673199203908e+08,2.026224194747701883e+08,2.069767230385471582e+08
5.193751985638772603e+05,5.383570735930762021e+05,5.573981602524102200e+05,5.764959218001861591e+05,5.956479911000391003e+05,6.110072562227739254e+05,6.263987917068810202e+05,6.418215834516726900e+05,6.495443972491156310e+05,6.572746672410892788e+05,6.650122801466250094e+05,6.727571254003075883e+05,6.805090950627856655e+05,6.882680837350359652e+05,6.960339884761928115e+05,7.038067087247607997e+05,7.193722049446183955e+05,7.349638126934868051e+05,7.505808058084695367e+05,7.701366899795370409e+05,7.897298635472585447e+05,8.093591017010925571e+05,8.290232421074737795e+05
3.529171919508480073e+02,3.529171919508480073e+02,3.529171919508480073e+02,3.529171919508480073e+02,3.529171919508480073e+02,3.529171919508480073e+02,3.529171919508480073e+02,3.529171919508480073e+02,3.529171919508480073e+02,3.529171919508480073e+02,3.529171919508480073e+02,3.529171919508480073e+02,3.529171919508480073e+02,3.529171919508480073e+02,3.529171919508480073e+02,3.529171919508480073e+02,3.529171919508480073e+02,-8.365708280803164234e+04,-3.028054161413642578e+05,-5.767408328080300707e+05,-8.506762494746957673e+05,-1.124611666141363792e+06,-1.398547082808027510e+06
-1.284730482848469137e+03,-1.284730482848469137e+03,-1.284730482848469137e+03,-1.284730482848469137e+03,-1.284730482848469137e+03,-1.284730482848469137e+03,-1.284730482848469137e+03,-1.284730482848469137e+03,-1.284730482848469137e+03,-1.284730482848469137e+03,-1.284730482848469137e+03,-1.284730482848469137e+03,-1.284730482848469137e+03,-1.284730482848469137e+03,-1.284730482848469137e+03,-1.284730482848469137e+03,-1.284730482848469137e+03,-1.284730482848469137e+03,3.176652695170422085e+05,1.961277769517036853e+06,3.604890269517031498e+06,5.248502769517039880e+06,6.892115269517021254e+06
-1.250428942000397825e+02,-1.250428942000397825e+02,-1.250428942000397825e+02,-1.250428942000397825e+02,-1.250428942000397825e+02,-1.250428942000397825e+02,-1.250428942000397825e+02,-1.250428942000397825e+02,-1.250428942000397825e+02,-1.250428942000397825e+02,-1.250428942000397825e+02,-1.250428942000397825e+02,-1.250428942000397825e+02,-1.250428942000397825e+02,-1.250428942000397825e+02,-1.250428942000397825e+02,-1.250428942000397825e+02,-1.250428942000397825e+02,-1.250428942000397825e+02,4.778562071056815912e+05,2.176255790439009201e+06,3.874655373772351071e+06,5.573054957105665468e+06
-1.718660955866488749e+01,-1.718660955866488749e+01,-1.718660955866488749e+01,-1.718660955866488749e+01,-1.718660955866488749e+01,-1.718660955866488749e+01,-1.718660955866488749e+01,-1.718660955866488749e+01,-1.718660955866488749e+01,-1.718660955866488749e+01,-1.718660955866488749e+01,-1.718660955866488749e+01,-1.718660955866488749e+01,-1.718660955866488749e+01,-1.718660955866488749e+01,-1.718660955866488749e+01,-1.718660955866488749e+01,-1.718660955866488749e+01,-1.718660955866488749e+01,-1.718660955866488749e+01,1.303259063390183728e+06,4.837025938390200958e+06,8.370792813390161842e+06
-2.585297675588340005e-01,-2.585297675588340005e-01,-2.585297675588340005e-01,-2.585297675588340005e-01,-2.585297675588340005e-01,-2.585297675588340005e-01,-2.585297675588340005e-01,-2.585297675588340005e-01,-2.585297675588340005e-01,-2.585297675588340005e-01,-2.585297675588340005e-01,-2.585297675588340005e-01,-2.585297675588340005e-01,-2.585297675588340005e-01,-2.585297675588340005e-01,-2.585297675588340005e-01,-2.585297675588340005e-01,-2.585297675588340005e-01,-2.585297675588340005e-01,-2.585297675588340005e-01,-2.585297675588340005e-01,4.998580748034914723e+05,1.595599741470145527e+06
8.654486481283251196e+06,8.927354103835294023e+06,9.200239089003518224e+06,9.473140679329114035e+06,9.746058170497998595e+06,9.964403169546069577e+06,1.018275760858365335e+07,1.040112118843183480e+07,1.051030631689455360e+07,1.061949362526388280e+07,1.072868308028317429e+07,1.083787464952564426e+07,1.094706830136573501e+07,1.105626400495166332e+07,1.116546173017925397e+07,1.127466144766682014e+07,1.149306674536461197e+07,1.171147967655418627e+07,1.192990002986924164e+07,1.220293560218556412e+07,1.247598208191654459e+07,1.274903911430486478e+07,1.302210636323396862e+07
-2.191534174473600061e+01,-2.191534174473600061e+01,-2.191534174473600061e+01,-2.191534174473600061e+01,-2.191534174473600061e+01,-2.191534174473600061e+01,-2.191534174473600061e+01,-2.191534174473600061e+01,-2.191534174473600061e+01,-2.191534174473600061e+01,-2.191534174473600061e+01,-2.191534174473600061e+01,-2.191534174473600061e+01,-2.191534174473600061e+01,-2.191534174473600061e+01,-2.191534174473600061e+01,-2.191534174473600061e+01,-2.191534174473600061e+01,-2.191534174473600061e+01,8.049683465826272732e+04,1.900639179915951681e+05,2.996310013249294716e+05,4.091980846582627855e+05
-3.023605858757409453e+07,-3.124386108757409081e+07,-3.225166358757409081e+07,-3.325946608757409081e+07,-3.426726858757409453e+07,-3.507351058757409453e+07,-3.587975258757408708e+07,-3.668599458757408708e+07,-3.708911558757408708e+07,-3.749223658757408708e+07,-3.789535758757409453e+07,-3.829847858757409453e+07,-3.870159958757409453e+07,-3.910472058757409453e+07,-3.950784158757409453e+07,-3.991096258757409453e+07,-4.071720458757409453e+07,-4.152344658757409453e+07,-4.232968858757409453e+07,-4.333749108757409453e+07,-4.434529358757408708e+07,-4.535309608757409453e+07,-4.636089858757408708e+07
-1.977588641783559695e+06,-2.043314891783559462e+06,-2.109041141783559229e+06,-2.174767391783559695e+06,-2.240493641783559695e+06,-2.293074641783559695e+06,-2.345655641783559229e+06,-2.398236641783559229e+06,-2.424527141783559229e+06,-2.450817641783559229e+06,-2.477108141783559695e+06,-2.503398641783559695e+06,-2.529689141783559695e+06,-2.555979641783560161e+06,-2.582270141783560161e+06,-2.608560641783560161e+06,-2.661141641783560161e+06,-2.713722641783559695e+06,-2.766303641783560161e+06,-2.832029891783559695e+06,-2.897756141783559695e+06,-2.963482391783560161e+06,-3.029208641783559695e+06
-6.114957789876151830e+06,-6.317613727376150899e+06,-6.520269664876150899e+06,-6.722925602376151830e+06,-6.925581539876151830e+06,-7.087706289876151830e+06,-7.249831039876149967e+06,-7.411955789876150899e+06,-7.493018164876150899e+06,-7.574080539876150899e+06,-7.655142914876149967e+06,-7.736205289876151830e+06,-7.817267664876150899e+06,-7.898330039876152761e+06,-7.979392414876150899e+06,-8.060454789876152761e+06,-8.222579539876153693e+06,-8.384704289876150899e+06,-8.546829039876151830e+06,-8.749484977376151830e+06,-8.952140914876149967e+06,-9.154796852376151830e+06,-9.357452789876149967e+06
-3.563294258276198059e+07,-3.681053789526198059e+07,-3.798813320776198059e+07,-3.916572852026198059e+07,-4.034332383276198059e+07,-4.128540008276198059e+07,-4.222747633276197314e+07,-4.316955258276197314e+07,-4.364059070776198059e+07,-4.411162883276197314e+07,-4.458266695776197314e+07,-4.505370508276197314e+07,-4.552474320776198059e+07,-4.599578133276198059e+07,-4.646681945776198059e+07,-4.693785758276198059e+07,-4.787993383276198059e+07,-4.882201008276197314e+07,-4.976408633276198059e+07,-5.094168164526197314e+07,-5.211927695776197314e+07,-5.329687227026198059e+07,-5.447446758276197314e+07
-4.027301157496243715e+07,-4.159301376246243715e+07,-4.291301594996242970e+07,-4.423301813746243715e+07,-4.555302032496243715e+07,-4.660902207496243715e+07,-4.766502382496242970e+07,-4.872102557496242970e+07,-4.924902644996242970e+07,-4.977702732496243715e+07,-5.030502819996243715e+07,-5.083302907496243715e+07,-5.136102994996244460e+07,-5.188903082496244460e+07,-5.241703169996244460e+07,-5.294503257496244460e+07,-5.400103432496244460e+07,-5.505703607496243715e+07,-5.611303782496244460e+07,-5.743304001246243715e+07,-5.875304219996243715e+07,-6.007304438746244460e+07,-6.139304657496243715e+07
5.445607663737190515e+07,5.623616257487190515e+07,5.801624851237190515e+07,5.979633444987190515e+07,6.157642038737191260e+07,6.300048913737190515e+07,6.442455788737189770e+07,6.584862663737189770e+07,6.656066101237190515e+07,6.727269538737189770e+07,6.798472976237191260e+07,6.869676413737191260e+07,6.940879851237191260e+07,7.012083288737191260e+07,7.083286726237191260e+07,7.154490163737191260e+07,7.296897038737191260e+07,7.439303913737191260e+07,7.581710788737191260e+07,7.759719382487191260e+07,7.937727976237189770e+07,8.115736569987191260e+07,8.293745163737189770e+07
4.347875284274135232e+08,4.489624896774134636e+08,4.631374509274134636e+08,4.773124121774135232e+08,4.914873734274135232e+08,5.028273424274135232e+08,5.141673114274134040e+08,5.255072804274134636e+08,5.311772649274134636e+08,5.368472494274134636e+08,5.425172339274134636e+08,5.481872184274134636e+08,5.538572029274134636e+08,5.595271874274135828e+08,5.651971719274135828e+08,5.708671564274135828e+08,5.822071254274135828e+08,5.935470944274134636e+08,6.048870634274135828e+08,6.190620246774134636e+08,6.332369859274134636e+08,6.474119471774135828e+08,6.615869084274134636e+08
2.516493555917332470e+08,2.598322737167332172e+08,2.680151918417332172e+08,2.761981099667332172e+08,2.843810280917332768e+08,2.909273625917332172e+08,2.974736970917331576e+08,3.040200315917332172e+08,3.072931988417332172e+08,3.105663660917332768e+08,3.138395333417332768e+08,3.171127005917332768e+08,3.203858678417332768e+08,3.236590350917332768e+08,3.269322023417332768e+08,3.302053695917332768e+08,3.367517040917333364e+08,3.432980385917332768e+08,3.498443730917332768e+08,3.580272912167332768e+08,3.662102093417332768e+08,3.743931274667333364e+08,3.825760455917332768e+08
-6.958139879444184899e+07,-7.183252285694183409e+07,-7.408364691944183409e+07,-7.633477098194184899e+07,-7.858589504444183409e+07,-8.038679429444183409e+07,-8.218769354444180429e+07,-8.398859279444183409e+07,-8.488904241944183409e+07,-8.578949204444183409e+07,-8.668994166944183409e+07,-8.759039129444184899e+07,-8.849084091944184899e+07,-8.939129054444184899e+07,-9.029174016944184899e+07,-9.119218979444183409e+07,-9.299308904444181919e+07,-9.479398829444180429e+07,-9.659488754444180429e+07,-9.884601160694180429e+07,-1.010971356694418043e+08,-1.033482597319418192e+08,-1.055993837944417894e+08
-1.204980348110211082e+07,-1.243868379360210709e+07,-1.282756410610210523e+07,-1.321644441860210523e+07,-1.360532473110210337e+07,-1.391642898110210150e+07,-1.422753323110209592e+07,-1.453863748110209778e+07,-1.469418960610209778e+07,-1.484974173110209778e+07,-1.500529385610209778e+07,-1.516084598110209778e+07,-1.531639810610209219e+07,-1.547195023110209219e+07,-1.562750235610209405e+07,-1.578305448110209405e+07,-1.609415873110209405e+07,-1.640526298110209219e+07,-1.671636723110209219e+07,-1.710524754360208660e+07,-1.749412785610208660e+07,-1.788300816860208660e+07,-1.827188848110208288e+07
-6.626369103069198132e+08,-6.839705556194192171e+08,-7.053042009319186211e+08,-7.266378462444181442e+08,-7.479714915569177866e+08,-7.650384078069173098e+08,-7.821053240569167137e+08,-7.991722403069163561e+08,-8.077056984319164753e+08,-8.162391565569159985e+08,-8.247726146819162369e+08,-8.333060728069156408e+08,-8.418395309319155216e+08,-8.503729890569154024e+08,-8.589064471819152832e+08,-8.674399053069150448e+08,-8.845068215569148064e+08,-9.015737378069144487e+08,-9.186406540569140911e+08,-9.399742993694136143e+08,-9.613079446819130182e+08,-9.826415899944127798e+08,-1.003975235306912184e+09
-6.394665572378926724e+07,-6.600060103628897667e+07,-6.805454634878869355e+07,-7.010849166128841043e+07,-7.216243697378814220e+07,-7.380559322378791869e+07,-7.544874947378768027e+07,-7.709190572378747165e+07,-7.791348384878738225e+07,-7.873506197378727794e+07,-7.955664009878717363e+07,-8.037821822378705442e+07,-8.119979634878693521e+07,-8.202137447378686070e+07,-8.284295259878675640e+07,-8.366453072378665209e+07,-8.530768697378645837e+07,-8.695084322378623486e+07,-8.859399947378605604e+07,-9.064794478628581762e+07,-9.270189009878556430e+07,-9.475583541128531098e+07,-9.680978072378507257e+07
3.315725013960105181e+07,3.421982451460012794e+07,3.528239888959921896e+07,3.634497326459832489e+07,3.740754763959744573e+07,3.825760713959673047e+07,3.910766663959603757e+07,3.995772613959536701e+07,4.038275588959502429e+07,4.080778563959468901e+07,4.123281538959436119e+07,4.165784513959401846e+07,4.208287488959369808e+07,4.250790463959336281e+07,4.293293438959303498e+07,4.335796413959270716e+07,4.420802363959206641e+07,4.505808313959141821e+07,4.590814263959078491e+07,4.697071701458998770e+07,4.803329138958921283e+07,4.909586576458844543e+07,5.015844013958767056e+07
1.849949614530423656e+07,1.909103239530078694e+07,1.968256864529738575e+07,2.027410489529404044e+07,2.086564114529074728e+07,2.133887014528813958e+07,2.181209914528555423e+07,2.228532814528300986e+07,2.252194264528174326e+07,2.275855714528048784e+07,2.299517164527923614e+07,2.323178614527799562e+07,2.346840064527675882e+07,2.370501514527552575e+07,2.394162964527430385e+07,2.417824414527308196e+07,2.465147314527066052e+07,2.512470214526826143e+07,2.559793114526588842e+07,2.618946739526294544e+07,2.678100364526003599e+07,2.737253989525716752e+07,2.796407614525431767e+07
-3.999600357331877947e+07,-4.127218826076561213e+07,-4.254837294821325690e+07,-4.382455763566169143e+07,-4.510074232311087102e+07,-4.612169007307073474e+07,-4.714263782303103060e+07,-4.816358557299175858e+07,-4.867405944797228277e+07,-4.918453332295290381e+07,-4.969500719793363661e+07,-5.020548107291446626e+07,-5.071595494789538532e+07,-5.122642882287640870e+07,-5.173690269785752147e+07,-5.224737657283873111e+07,-5.326832432280141860e+07,-5.428927207276445627e+07,-5.531021982272785902e+07,-5.658640451018257439e+07,-5.786258919763781130e+07,-5.913877388509355485e+07,-6.041495857254973799e+07
-1.840492158390430361e+07,-1.899098064622745290e+07,-1.957703970855332538e+07,-2.016309877088179439e+07,-2.074915783321275562e+07,-2.121800508307924494e+07,-2.168685233294720948e+07,-2.215569958281661198e+07,-2.239012320775183290e+07,-2.262454683268739656e+07,-2.285897045762329921e+07,-2.309339408255952969e+07,-2.332781770749608427e+07,-2.356224133243296295e+07,-2.379666495737015828e+07,-2.403108858230766281e+07,-2.449993583218359575e+07,-2.496878308206071332e+07,-2.543763033193900064e+07,-2.602368939428843558e+07,-2.660974845663958788e+07,-2.719580751899239048e+07,-2.778186658134678379e+07
1.878575594974263757e+07,1.938276938591688871e+07,1.997978282211156934e+07,2.057679625832578167e+07,2.117380969455870613e+07,2.165142044355798885e+07,2.212903119256837294e+07,2.260664194158950821e+07,2.284544731610399857e+07,2.308425269062106311e+07,2.332305806514064223e+07,2.356186343966270611e+07,2.380066881418722868e+07,2.403947418871415779e+07,2.427827956324347109e+07,2.451708493777512014e+07,2.499469568684531003e+07,2.547230643592448160e+07,2.594991718501238525e+07,2.654693062138417363e+07,2.714394405776879191e+07,2.774095749416582286e+07,2.833797093057487160e+07
-1.726688951503157616e+06,-1.781460825604701182e+06,-1.836232699720128672e+06,-1.891004573848832864e+06,-1.945776447990249377e+06,-1.989593947312180186e+06,-2.033411446641656104e+06,-2.077228945978438715e+06,-2.099137695649498608e+06,-2.121046445322300773e+06,-2.142955194996817969e+06,-2.164863944673025515e+06,-2.186772694350897335e+06,-2.208681444030408747e+06,-2.230590193711536471e+06,-2.252498943394256290e+06,-2.296316442764381412e+06,-2.340133942140607163e+06,-2.383951441522765439e+06,-2.438723315758561250e+06,-2.493495190003075637e+06,-2.548267064256025478e+06,-2.603038938517142553e+06
1.280015134629867598e+07,1.320546317283395864e+07,1.361077500012084283e+07,1.401608682812643610e+07,1.442139865682017617e+07,1.474564812025143951e+07,1.506989758409117721e+07,1.539414704832643270e+07,1.555627178058851138e+07,1.571839651294490322e+07,1.588052124539417773e+07,1.604264597793492675e+07,1.620477071056577936e+07,1.636689544328540005e+07,1.652902017609249242e+07,1.669114490898578241e+07,1.701539437502601743e+07,1.733964384139652550e+07,1.766389330808818340e+07,1.806920514189111069e+07,1.847451697616601363e+07,1.887982881089758873e+07,1.928514064607130364e+07
-2.131140836180099100e+07,-2.198510185601892695e+07,-2.265879535908970982e+07,-2.333248887062600628e+07,-2.400618239026787132e+07,-2.454513721159135178e+07,-2.508409203772624582e+07,-2.562304686851988360e+07,-2.589252428561818600e+07,-2.616200170382745937e+07,-2.643147912313074619e+07,-2.670095654351151362e+07,-2.697043396495363489e+07,-2.723991138744139671e+07,-2.750938881095944345e+07,-2.777886623549281061e+07,-2.831782108754741028e+07,-2.885677594349236786e+07,-2.939573080322006345e+07,-3.006942438304302096e+07,-3.074311796842546761e+07,-3.141681155918692425e+07,-3.209050515515638515e+07
1.502771426720902622e+08,1.550203568224744499e+08,1.597635714466825724e+08,1.645067865239895880e+08,1.692500020351345837e+08,1.730445747443186939e+08,1.768391477110301554e+08,1.806337209270978272e+08,1.825310076262027919e+08,1.844282943847720623e+08,1.863255812018980384e+08,1.882228680766957402e+08,1.901201550083023310e+08,1.920174419958762228e+08,1.939147290385961831e+08,1.958120161356609464e+08,1.996065904897147119e+08,2.034011650519987941e+08,2.071957398167519271e+08,2.119389585490580797e+08,2.166821775789311230e+08,2.214253968967086375e+08,2.261686164932379425e+08
7.819293603088564239e+06,8.065757041379390284e+06,8.312220637701158412e+06,8.558684385144133121e+06,8.805148277286283672e+06,9.002319491150334477e+06,9.199490790909763426e+06,9.396662173839602619e+06,9.495247895680585876e+06,9.593833637355446815e+06,9.692419398561472073e+06,9.791005179003532976e+06,9.889590978393837810e+06,9.988176796451669186e+06,1.008676263290314004e+07,1.018534848748097010e+07,1.038252024997831322e+07,1.057969208192939498e+07,1.077686398141241632e+07,1.102332894794503413e+07,1.126979401372774877e+07,1.151625917553706653e+07,1.176272443031951599e+07
-2.163668003910464942e+08,-2.231790204807495475e+08,-2.299912629417752922e+08,-2.368035267964384258e+08,-2.436158111359756887e+08,-2.490656527859557569e+08,-2.545155065963295102e+08,-2.599653721814045012e+08,-2.626903092743998468e+08,-2.654152491753629744e+08,-2.681401918414418995e+08,-2.708651372308580279e+08,-2.735900853028691411e+08,-2.763150360177339315e+08,-2.790399893366776109e+08,-2.817649452218596339e+08,-2.872148645440605283e+08,-2.926647936991416812e+08,-2.981147324149898887e+08,-3.049271688598613739e+08,-3.117396193557940125e+08,-3.185520834463047385e+08,-3.253645606989684701e+08
4.620917893853745423e+06,4.825440705437132157e+06,5.031593785206083208e+06,5.239309354296496138e+06,5.448523808997596614e+06,5.616934282935323194e+06,5.786236755583326332e+06,5.956403611372455955e+06,6.041802901562953368e+06,6.127408501257885247e+06,6.213217301968235523e+06,6.299226264976911247e+06,6.385432419227813371e+06,6.471832859295703471e+06,6.558424743433083408e+06,6.645205291690583341e+06,6.819321558969243430e+06,6.994160590389734134e+06,7.169702194881223142e+06,7.390087774833138101e+06,7.611504831859897822e+06,7.833919054559700191e+06,8.057297802494639531e+06
4.575157955156574462e+04,4.575157955156574462e+04,4.575157955156574462e+04,4.575157955156574462e+04,4.575157955156574462e+04,4.575157955156574462e+04,4.575157955156574462e+04,4.575157955156542448e+04,4.575157955134980148e+04,4.575157948059428600e+04,4.575156790507082042e+04,4.575059919488355808e+04,4.570803303860792948e+04,4.469902460722501564e+04,3.141932443510225858e+04,-6.878087049877332174e+04,-1.784918240723030176e+06,-7.455457264956100844e+06,-1.505523272437033243e+07,-2.478504845577745140e+07,-3.451800904550062120e+07,-4.425097123294848204e+07,-5.398393342044838518e+07
1.372578593628411727e+04,1.372578593628411727e+04,1.372578593628411727e+04,1.372578593628411727e+04,1.372578593628411727e+04,1.372578593628411727e+04,1.372578593628411727e+04,1.372578593628411727e+04,1.372578593628411727e+04,1.372578593628411727e+04,1.372578593628411727e+04,1.372578593628411727e+04,1.372578593628411727e+04,1.372578593628411727e+04,1.372578593628411727e+04,1.372578593628411727e+04,1.372578593628411727e+04,1.372578593628411727e+04,-1.250515464063727530e+06,-8.201066401563716121e+06,-1.515161733906370588e+07,-2.210216827656374872e+07,-2.905271921406368166e+07
-1.170306129819032094e+03,-1.170306129819032094e+03,-1.170306129819032094e+03,-1.170306129819032094e+03,-1.170306129819032094e+03,-1.170306129819032094e+03,-1.170306129819032094e+03,-1.170306129819032094e+03,-1.170306129819032094e+03,-1.170306129819032094e+03,-1.170306129819032094e+03,-1.170306129819032094e+03,-1.170306129819032094e+03,-1.170306129819032094e+03,-1.170306129819032094e+03,-1.170306129819032094e+03,-1.170306129819032094e+03,-1.170306129819032094e+03,-1.170306129819032094e+03,2.935171938701809850e+05,1.388954693870179355e+06,2.484392193870186340e+06,3.579829693870175164e+06
-1.656745341100512121e+02,-1.656745341100512121e+02,-1.656745341100512121e+02,-1.656745341100512121e+02,-1.656745341100512121e+02,-1.656745341100512121e+02,-1.656745341100512121e+02,-1.656745341100512121e+02,-1.656745341100512121e+02,-1.656745341100512121e+02,-1.656745341100512121e+02,-1.656745341100512121e+02,-1.656745341100512121e+02,-1.656745341100512121e+02,-1.656745341100512121e+02,-1.656745341100512121e+02,-1.656745341100512121e+02,-1.656745341100512121e+02,-1.656745341100512121e+02,-1.656745341100512121e+02,1.778593254658895894e+05,3.969468254658910446e+05,6.160343254658888327e+05
-2.368638828291575464e+02,-2.368638828291575464e+02,-2.368638828291575464e+02,-2.368638828291575464e+02,-2.368638828291575464e+02,-2.368638828291575464e+02,-2.368638828291575464e+02,-2.368638828291575464e+02,-2.368638828291575464e+02,-2.368638828291575464e+02,-2.368638828291575464e+02,-2.368638828291575464e+02,-2.368638828291575464e+02,-2.368638828291575464e+02,-2.368638828291575464e+02,-2.368638828291575464e+02,-2.368638828291575464e+02,-2.368638828291575464e+02,-2.368638828291575464e+02,-2.368638828291575464e+02,-2.368638828291575464e+02,1.625941261117179878e+06,3.433413136117161717e+06
-1.376967379120739920e+01,-1.376967379120739920e+01,-1.376967379120739920e+01,-1.376967379120739920e+01,-1.376967379120739920e+01,-1.376967379120739920e+01,-1.376967379120739920e+01,-1.376967379120739920e+01,-1.376967379120739920e+01,-1.376967379120739920e+01,-1.376967379120739920e+01,-1.376967379120739920e+01,-1.376967379120739920e+01,-1.376967379120739920e+01,-1.376967379120739920e+01,-1.376967379120739920e+01,-1.376967379120739920e+01,-1.376967379120739920e+01,-1.376967379120739920e+01,-1.376967379120739920e+01,-1.376967379120739920e+01,1.213768553262101486e+05,3.952362303262074129e+05
1.018809994558564276e+08,1.051671619558564126e+08,1.084533244558564126e+08,1.117394869558564276e+08,1.150256494558564276e+08,1.176545794558564276e+08,1.202835094558564126e+08,1.229124394558564276e+08,1.242269044558564126e+08,1.255413694558564126e+08,1.268558344558564276e+08,1.281702994558564276e+08,1.294847644558564126e+08,1.307992294558564276e+08,1.321136944558564276e+08,1.334281594558564126e+08,1.360570894558564126e+08,1.386860194558564425e+08,1.413149494558564425e+08,1.446011119558564425e+08,1.478872744558564126e+08,1.511734369558564126e+08,1.544595994558564126e+08
2.147396382883649319e+07,2.222409834079998732e+07,2.297582145295745879e+07,2.372906480400409177e+07,2.448376466699768975e+07,2.508853311754234135e+07,2.569416687694203109e+07,2.630063870911151171e+07,2.660418076454384625e+07,2.690792273388359696e+07,2.721186157885123789e+07,2.751599433482838422e+07,2.782031810839632526e+07,2.812483007497916743e+07,2.842952747658650577e+07,2.873440761965023726e+07,2.934470566562939808e+07,2.995570387611227855e+07,3.056738282081865147e+07,3.133291055722346529e+07,3.209943842843046039e+07,3.286693370547878370e+07,3.363536534244388342e+07
6.744764341693396866e+07,7.036004733211360872e+07,7.329367461599805951e+07,7.624763979474742711e+07,7.922111263168480992e+07,8.161341091948367655e+07,8.401731669375380874e+07,8.643247018844462931e+07,8.764415699230575562e+07,8.885852831144732237e+07,9.007554369432862103e+07,9.129516360624265671e+07,9.251734940118935704e+07,9.374206329484196007e+07,9.496926833855544031e+07,9.619892839436851442e+07,9.866547290046440065e+07,1.011414230314434320e+08,1.036265165277564079e+08,1.067453592683588266e+08,1.098776278912876099e+08,1.130228771891489178e+08,1.161806837756686360e+08
-4.611198642280560307e+02,-4.611198642280560307e+02,-4.611198642280560307e+02,-4.611198642280560307e+02,-4.611198642280560307e+02,-4.611198642280560307e+02,-4.611198642280560307e+02,-4.611198642280560307e+02,-4.611198642280560307e+02,-4.611198642280560307e+02,-4.611198642280560307e+02,-4.611198642280560307e+02,-4.611198642280560307e+02,-4.611198642280560307e+02,-4.611198642280560307e+02,-4.611198642280560307e+02,-4.611198642280560307e+02,-4.611198642280560307e+02,-4.611198642280560307e+02,-4.611198642280560307e+02,1.158863801357727207e+05,4.445026301357718185e+05,7.731188801357710036e+05
-4.997687825389842146e+03,-4.997687825389842146e+03,-4.997687825389842146e+03,-4.997687825389842146e+03,-4.997687825389842146e+03,-4.997687825389842146e+03,-4.997687825389842146e+03,-4.997687825389842146e+03,-4.997687825389842146e+03,-4.997687825389842146e+03,-4.997687825389842146e+03,-4.997687825389842146e+03,-4.997687825389842146e+03,-4.997687825389842146e+03,-4.997687825389842146e+03,-4.997687825389842146e+03,-4.997687825389842146e+03,-4.997687825389842146e+03,-4.997687825389842146e+03,-4.997687825389842146e+03,-4.997687825389842146e+03,-4.997687825389842146e+03,5.815718312174577266e+06
-2.954586035167005207e+02,-2.954586035167005207e+02,-2.954586035167005207e+02,-2.954586035167005207e+02,-2.954586035167005207e+02,-2.954586035167005207e+02,-2.954586035167005207e+02,-2.954586035167005207e+02,-2.954586035167005207e+02,-2.954586035167005207e+02,-2.954586035167005207e+02,-2.954586035167005207e+02,-2.954586035167005207e+02,-2.954586035167005207e+02,-2.954586035167005207e+02,-2.954586035167005207e+02,-2.954586035167005207e+02,-2.954586035167005207e+02,-2.954586035167005207e+02,-2.954586035167005207e+02,-2.954586035167005207e+02,1.197243330631699209e+05,3.935545413965036860e+05
-8.007234694146700349e+01,-8.007234694146700349e+01,-8.007234694146700349e+01,-8.007234694146700349e+01,-8.007234694146700349e+01,-8.007234694146700349e+01,-8.007234694146700349e+01,-8.007234694146700349e+01,-8.007234694146700349e+01,-8.007234694146700349e+01,-8.007234694146700349e+01,-8.007234694146700349e+01,-8.007234694146700349e+01,-8.007234694146700349e+01,-8.007234694146700349e+01,-8.007234694146700349e+01,-8.007234694146700349e+01,-8.007234694146700349e+01,-8.007234694146700349e+01,-8.007234694146700349e+01,-8.007234694146700349e+01,-8.007234694146700349e+01,5.745992765306668298e+04
-8.079883783313516687e+01,-8.079883783313516687e+01,-8.079883783313516687e+01,-8.079883783313516687e+01,-8.079883783313516687e+01,-8.079883783313516687e+01,-8.079883783313516687e+01,-8.079883783313516687e+01,-8.079883783313516687e+01,-8.079883783313516687e+01,-8.079883783313516687e+01,-8.079883783313516687e+01,-8.079883783313516687e+01,-8.079883783313516687e+01,-8.079883783313516687e+01,-8.079883783313516687e+01,-8.079883783313516687e+01,-8.079883783313516687e+01,-8.079883783313516687e+01,-8.079883783313516687e+01,-8.079883783313516687e+01,-8.079883783313516687e+01,-8.079883783313516687e+01
-1.702270021051183448e+02,-1.702270021051183448e+02,-1.702270021051183448e+02,-1.702270021051183448e+02,-1.702270021051183448e+02,-1.702270021051183448e+02,-1.702270021051183448e+02,-1.702270021051183448e+02,-1.702270021051183448e+02,-1.702270021051183448e+02,-1.702270021051183448e+02,-1.702270021051183448e+02,-1.702270021051183448e+02,-1.702270021051183448e+02,-1.702270021051183448e+02,-1.702270021051183448e+02,-1.702270021051183448e+02,-1.702270021051183448e+02,-1.702270021051183448e+02,-1.702270021051183448e+02,-1.702270021051183448e+02,-1.702270021051183448e+02,9.905477299790889083e+04
